green,pin_x_m,pin_y_m,stimp,skill,mode,hour,ball_x_m,ball_y_m,dist_ft,slope_at_pin_pct,rollout_m,status,make,make_se,three_plus,exp_strokes,exp_strokes_se,off_green_pct,mean_past_miss_m,pct_miss_short,mean_leave_m,de_vs_best,de_pair_se
hole_01,0.000,0.000,10,tour,fall,1,-5.385,2.856,20.00,1.38,0.00,ok,0.10712,0.00346,0.00510,1.89798,0.00348,0.00000,0.3267,0.5488,0.3980,0.03422,0.00376
hole_01,0.000,0.000,10,tour,fall,1,-5.385,2.856,20.00,1.38,0.10,ok,0.12575,0.00371,0.00637,1.88062,0.00374,0.00000,0.3798,0.4471,0.4105,0.01687,0.00310
hole_01,0.000,0.000,10,tour,fall,1,-5.385,2.856,20.00,1.38,0.20,ok,0.13912,0.00387,0.00910,1.86998,0.00392,0.00000,0.4321,0.3591,0.4397,0.00623,0.00249
hole_01,0.000,0.000,10,tour,fall,1,-5.385,2.856,20.00,1.38,0.30,ok,0.14938,0.00399,0.01356,1.86419,0.00407,0.00000,0.4881,0.2755,0.4849,0.00044,0.00179
hole_01,0.000,0.000,10,tour,fall,1,-5.385,2.856,20.00,1.38,0.40,ok,0.15600,0.00406,0.01975,1.86375,0.00418,0.00000,0.5510,0.2084,0.5421,0.00000,0.00000
hole_01,0.000,0.000,10,tour,fall,1,-5.385,2.856,20.00,1.38,0.50,ok,0.15563,0.00405,0.02849,1.87286,0.00423,0.00000,0.6181,0.1498,0.6109,0.00911,0.00172
hole_01,0.000,0.000,10,tour,fall,1,-5.385,2.856,20.00,1.38,0.60,ok,0.15588,0.00406,0.03955,1.88368,0.00431,0.00000,0.6923,0.1074,0.6875,0.01993,0.00221
hole_01,0.000,0.000,10,tour,fall,1,-5.385,2.856,20.00,1.38,0.70,ok,0.15588,0.00406,0.05298,1.89711,0.00440,0.00000,0.7706,0.0742,0.7706,0.03336,0.00258
hole_01,0.000,0.000,10,tour,fall,1,-5.385,2.856,20.00,1.38,0.80,ok,0.15238,0.00402,0.06897,1.91660,0.00445,0.00000,0.8548,0.0515,0.8586,0.05285,0.00289
hole_01,0.000,0.000,10,tour,fall,1,-5.385,2.856,20.00,1.38,0.90,ok,0.14763,0.00397,0.08744,1.93982,0.00451,0.00000,0.9415,0.0340,0.9500,0.07607,0.00313
hole_01,0.000,0.000,10,tour,fall,1,-5.385,2.856,20.00,1.38,1.00,ok,0.14363,0.00392,0.10769,1.96406,0.00457,0.00000,1.0313,0.0219,1.0440,0.10031,0.00335
hole_01,0.000,0.000,10,tour,fall,1,-5.385,2.856,20.00,1.38,1.10,ok,0.13900,0.00387,0.12987,1.99087,0.00463,0.00000,1.1243,0.0144,1.1393,0.12712,0.00350
hole_01,0.000,0.000,10,tour,fall,1,-5.385,2.856,20.00,1.38,1.20,ok,0.13387,0.00381,0.15361,2.01974,0.00469,0.00000,1.2194,0.0092,1.2362,0.15599,0.00367
hole_01,0.000,0.000,10,mid,fall,1,-5.385,2.856,20.00,1.38,0.00,ok,0.05937,0.00264,0.03180,1.97244,0.00282,0.00000,0.3881,0.5443,0.5182,0.00256,0.00184
hole_01,0.000,0.000,10,mid,fall,1,-5.385,2.856,20.00,1.38,0.10,ok,0.06613,0.00278,0.03599,1.96987,0.00298,0.00000,0.4390,0.4599,0.5305,0.00000,0.00000
hole_01,0.000,0.000,10,mid,fall,1,-5.385,2.856,20.00,1.38,0.20,ok,0.07325,0.00291,0.04327,1.97003,0.00317,0.00000,0.4877,0.3837,0.5564,0.00016,0.00151
hole_01,0.000,0.000,10,mid,fall,1,-5.385,2.856,20.00,1.38,0.30,ok,0.07687,0.00298,0.05380,1.97694,0.00330,0.00000,0.5407,0.3127,0.5941,0.00707,0.00212
hole_01,0.000,0.000,10,mid,fall,1,-5.385,2.856,20.00,1.38,0.40,ok,0.07900,0.00302,0.06716,1.98818,0.00343,0.00000,0.5976,0.2526,0.6410,0.01831,0.00244
hole_01,0.000,0.000,10,mid,fall,1,-5.385,2.856,20.00,1.38,0.50,ok,0.08175,0.00306,0.08420,2.00248,0.00359,0.00000,0.6585,0.1951,0.7007,0.03261,0.00277
hole_01,0.000,0.000,10,mid,fall,1,-5.385,2.856,20.00,1.38,0.60,ok,0.08075,0.00305,0.10419,2.02348,0.00369,0.00000,0.7267,0.1512,0.7672,0.05361,0.00305
hole_01,0.000,0.000,10,mid,fall,1,-5.385,2.856,20.00,1.38,0.70,ok,0.08263,0.00308,0.12652,2.04395,0.00385,0.00000,0.7989,0.1138,0.8421,0.07408,0.00335
hole_01,0.000,0.000,10,mid,fall,1,-5.385,2.856,20.00,1.38,0.80,ok,0.08088,0.00305,0.15163,2.07083,0.00396,0.00000,0.8741,0.0835,0.9215,0.10096,0.00357
hole_01,0.000,0.000,10,mid,fall,1,-5.385,2.856,20.00,1.38,0.90,ok,0.07900,0.00302,0.17898,2.10009,0.00405,0.00000,0.9553,0.0616,1.0055,0.13021,0.00375
hole_01,0.000,0.000,10,mid,fall,1,-5.385,2.856,20.00,1.38,1.00,ok,0.07750,0.00299,0.20821,2.13085,0.00416,0.00000,1.0409,0.0451,1.0938,0.16097,0.00394
hole_01,0.000,0.000,10,mid,fall,1,-5.385,2.856,20.00,1.38,1.10,ok,0.07362,0.00292,0.23891,2.16548,0.00421,0.00000,1.1259,0.0309,1.1833,0.19560,0.00407
hole_01,0.000,0.000,10,mid,fall,1,-5.385,2.856,20.00,1.38,1.20,ok,0.07112,0.00287,0.27007,2.19919,0.00427,0.00000,1.2151,0.0217,1.2749,0.22931,0.00421
hole_01,0.000,0.000,10,hcp30,fall,1,-5.385,2.856,20.00,1.38,0.00,ok,0.05275,0.00250,0.26282,2.21933,0.00430,0.00000,0.8181,0.5257,0.9332,0.00000,0.00000
hole_01,0.000,0.000,10,hcp30,fall,1,-5.385,2.856,20.00,1.38,0.10,ok,0.05838,0.00262,0.26920,2.22040,0.00446,0.00000,0.8933,0.4860,0.9514,0.00107,0.00210
hole_01,0.000,0.000,10,hcp30,fall,1,-5.385,2.856,20.00,1.38,0.20,ok,0.06025,0.00266,0.27813,2.22794,0.00455,0.00000,0.9463,0.4475,0.9742,0.00861,0.00274
hole_01,0.000,0.000,10,hcp30,fall,1,-5.385,2.856,20.00,1.38,0.30,ok,0.06237,0.00270,0.28933,2.23771,0.00466,0.00000,1.0066,0.4131,1.0051,0.01838,0.00331
hole_01,0.000,0.000,10,hcp30,fall,1,-5.385,2.856,20.00,1.38,0.40,ok,0.06062,0.00267,0.30258,2.25360,0.00470,0.00000,1.0668,0.3815,1.0393,0.03427,0.00377
hole_01,0.000,0.000,10,hcp30,fall,1,-5.385,2.856,20.00,1.38,0.50,ok,0.05975,0.00265,0.31743,2.27043,0.00476,0.00000,1.1238,0.3476,1.0807,0.05109,0.00415
hole_01,0.000,0.000,10,hcp30,fall,1,-5.385,2.856,20.00,1.38,0.60,ok,0.06175,0.00269,0.33228,2.28450,0.00488,0.00000,1.1837,0.3180,1.1270,0.06516,0.00449
hole_01,0.000,0.000,10,hcp30,fall,1,-5.385,2.856,20.00,1.38,0.70,ok,0.06187,0.00269,0.34971,2.30330,0.00496,0.00000,1.2510,0.2911,1.1805,0.08396,0.00481
hole_01,0.000,0.000,10,hcp30,fall,1,-5.385,2.856,20.00,1.38,0.80,ok,0.06100,0.00268,0.36790,2.32404,0.00502,0.00000,1.3145,0.2640,1.2372,0.10470,0.00509
hole_01,0.000,0.000,10,hcp30,fall,1,-5.385,2.856,20.00,1.38,0.90,ok,0.06050,0.00267,0.38668,2.34519,0.00509,0.00000,1.3831,0.2403,1.2988,0.12585,0.00534
hole_01,0.000,0.000,10,hcp30,fall,1,-5.385,2.856,20.00,1.38,1.00,ok,0.06162,0.00269,0.40557,2.36501,0.00519,0.00000,1.4518,0.2167,1.3661,0.14568,0.00558
hole_01,0.000,0.000,10,hcp30,fall,1,-5.385,2.856,20.00,1.38,1.10,ok,0.06212,0.00270,0.42539,2.38659,0.00527,0.00000,1.5247,0.1957,1.4378,0.16726,0.00583
hole_01,0.000,0.000,10,hcp30,fall,1,-5.385,2.856,20.00,1.38,1.20,ok,0.06137,0.00268,0.44521,2.40961,0.00532,0.00000,1.5974,0.1766,1.5107,0.19028,0.00603
hole_01,0.000,0.000,10,tour,fall,2,-3.236,5.166,20.00,1.38,0.00,ok,0.10362,0.00341,0.00597,1.90235,0.00344,0.00000,0.3145,0.5593,0.4089,0.03796,0.00392
hole_01,0.000,0.000,10,tour,fall,2,-3.236,5.166,20.00,1.38,0.10,ok,0.12487,0.00370,0.00709,1.88221,0.00373,0.00000,0.3795,0.4572,0.4187,0.01783,0.00292
hole_01,0.000,0.000,10,tour,fall,2,-3.236,5.166,20.00,1.38,0.20,ok,0.14125,0.00389,0.00964,1.86839,0.00395,0.00000,0.4302,0.3662,0.4473,0.00400,0.00195
hole_01,0.000,0.000,10,tour,fall,2,-3.236,5.166,20.00,1.38,0.30,ok,0.14950,0.00399,0.01389,1.86439,0.00407,0.00000,0.4859,0.2860,0.4893,0.00000,0.00000
hole_01,0.000,0.000,10,tour,fall,2,-3.236,5.166,20.00,1.38,0.40,ok,0.15250,0.00402,0.01998,1.86748,0.00414,0.00000,0.5462,0.2147,0.5443,0.00309,0.00179
hole_01,0.000,0.000,10,tour,fall,2,-3.236,5.166,20.00,1.38,0.50,ok,0.15313,0.00403,0.02898,1.87586,0.00421,0.00000,0.6199,0.1557,0.6161,0.01147,0.00251
hole_01,0.000,0.000,10,tour,fall,2,-3.236,5.166,20.00,1.38,0.60,ok,0.15363,0.00403,0.03909,1.88547,0.00428,0.00000,0.6903,0.1143,0.6886,0.02108,0.00296
hole_01,0.000,0.000,10,tour,fall,2,-3.236,5.166,20.00,1.38,0.70,ok,0.15363,0.00403,0.05220,1.89858,0.00437,0.00000,0.7692,0.0798,0.7722,0.03419,0.00333
hole_01,0.000,0.000,10,tour,fall,2,-3.236,5.166,20.00,1.38,0.80,ok,0.15163,0.00401,0.06773,1.91610,0.00444,0.00000,0.8535,0.0557,0.8602,0.05172,0.00360
hole_01,0.000,0.000,10,tour,fall,2,-3.236,5.166,20.00,1.38,0.90,ok,0.14800,0.00397,0.08555,1.93755,0.00451,0.00000,0.9394,0.0371,0.9513,0.07317,0.00385
hole_01,0.000,0.000,10,tour,fall,2,-3.236,5.166,20.00,1.38,1.00,ok,0.13850,0.00386,0.10637,1.96788,0.00451,0.00000,1.0306,0.0264,1.0443,0.10349,0.00405
hole_01,0.000,0.000,10,tour,fall,2,-3.236,5.166,20.00,1.38,1.10,ok,0.13325,0.00380,0.12784,1.99460,0.00455,0.00000,1.1175,0.0163,1.1360,0.13021,0.00425
hole_01,0.000,0.000,10,tour,fall,2,-3.236,5.166,20.00,1.38,1.20,ok,0.12675,0.00372,0.15368,2.02694,0.00459,0.00000,1.2196,0.0104,1.2400,0.16255,0.00442
hole_01,0.000,0.000,10,mid,fall,2,-3.236,5.166,20.00,1.38,0.00,ok,0.05775,0.00261,0.03581,1.97808,0.00281,0.00000,0.3849,0.5421,0.5315,0.00300,0.00215
hole_01,0.000,0.000,10,mid,fall,2,-3.236,5.166,20.00,1.38,0.10,ok,0.06475,0.00275,0.03982,1.97508,0.00298,0.00000,0.4450,0.4568,0.5451,0.00000,0.00000
hole_01,0.000,0.000,10,mid,fall,2,-3.236,5.166,20.00,1.38,0.20,ok,0.06950,0.00284,0.04708,1.97760,0.00312,0.00000,0.4936,0.3818,0.5709,0.00252,0.00189
hole_01,0.000,0.000,10,mid,fall,2,-3.236,5.166,20.00,1.38,0.30,ok,0.07175,0.00289,0.05741,1.98568,0.00323,0.00000,0.5452,0.3103,0.6087,0.01060,0.00243
hole_01,0.000,0.000,10,mid,fall,2,-3.236,5.166,20.00,1.38,0.40,ok,0.07350,0.00292,0.07112,1.99765,0.00336,0.00000,0.6050,0.2508,0.6575,0.02257,0.00279
hole_01,0.000,0.000,10,mid,fall,2,-3.236,5.166,20.00,1.38,0.50,ok,0.07450,0.00294,0.08898,2.01452,0.00349,0.00000,0.6731,0.1981,0.7187,0.03944,0.00315
hole_01,0.000,0.000,10,mid,fall,2,-3.236,5.166,20.00,1.38,0.60,ok,0.07450,0.00294,0.10784,2.03340,0.00360,0.00000,0.7361,0.1565,0.7814,0.05832,0.00341
hole_01,0.000,0.000,10,mid,fall,2,-3.236,5.166,20.00,1.38,0.70,ok,0.07525,0.00295,0.13037,2.05519,0.00374,0.00000,0.8067,0.1191,0.8543,0.08011,0.00367
hole_01,0.000,0.000,10,mid,fall,2,-3.236,5.166,20.00,1.38,0.80,ok,0.07375,0.00292,0.15582,2.08217,0.00384,0.00000,0.8844,0.0914,0.9334,0.10709,0.00387
hole_01,0.000,0.000,10,mid,fall,2,-3.236,5.166,20.00,1.38,0.90,ok,0.07075,0.00287,0.18306,2.11244,0.00391,0.00000,0.9617,0.0673,1.0152,0.13736,0.00403
hole_01,0.000,0.000,10,mid,fall,2,-3.236,5.166,20.00,1.38,1.00,ok,0.06938,0.00284,0.21235,2.14316,0.00401,0.00000,1.0482,0.0512,1.1032,0.16808,0.00418
hole_01,0.000,0.000,10,mid,fall,2,-3.236,5.166,20.00,1.38,1.10,ok,0.06550,0.00277,0.24170,2.17643,0.00404,0.00000,1.1306,0.0383,1.1884,0.20135,0.00428
hole_01,0.000,0.000,10,mid,fall,2,-3.236,5.166,20.00,1.38,1.20,ok,0.06263,0.00271,0.27477,2.21245,0.00409,0.00000,1.2239,0.0263,1.2858,0.23737,0.00439
hole_01,0.000,0.000,10,hcp30,fall,2,-3.236,5.166,20.00,1.38,0.00,ok,0.04362,0.00228,0.28146,2.24870,0.00418,0.00000,0.7934,0.5320,0.9725,0.00035,0.00259
hole_01,0.000,0.000,10,hcp30,fall,2,-3.236,5.166,20.00,1.38,0.10,ok,0.04875,0.00241,0.28600,2.24835,0.00433,0.00000,0.9127,0.4942,0.9864,0.00000,0.00000
hole_01,0.000,0.000,10,hcp30,fall,2,-3.236,5.166,20.00,1.38,0.20,ok,0.04925,0.00242,0.29448,2.25683,0.00438,0.00000,0.9743,0.4581,1.0085,0.00848,0.00217
hole_01,0.000,0.000,10,hcp30,fall,2,-3.236,5.166,20.00,1.38,0.30,ok,0.05337,0.00251,0.30345,2.26233,0.00452,0.00000,1.0300,0.4239,1.0367,0.01398,0.00292
hole_01,0.000,0.000,10,hcp30,fall,2,-3.236,5.166,20.00,1.38,0.40,ok,0.05450,0.00254,0.31605,2.27474,0.00461,0.00000,1.0911,0.3907,1.0729,0.02639,0.00339
hole_01,0.000,0.000,10,hcp30,fall,2,-3.236,5.166,20.00,1.38,0.50,ok,0.05575,0.00257,0.33033,2.28897,0.00471,0.00000,1.1612,0.3613,1.1162,0.04062,0.00388
hole_01,0.000,0.000,10,hcp30,fall,2,-3.236,5.166,20.00,1.38,0.60,ok,0.05362,0.00252,0.34501,2.30705,0.00473,0.00000,1.2210,0.3351,1.1584,0.05870,0.00419
hole_01,0.000,0.000,10,hcp30,fall,2,-3.236,5.166,20.00,1.38,0.70,ok,0.05437,0.00254,0.36125,2.32409,0.00482,0.00000,1.2834,0.3058,1.2112,0.07574,0.00448
hole_01,0.000,0.000,10,hcp30,fall,2,-3.236,5.166,20.00,1.38,0.80,ok,0.05550,0.00256,0.37755,2.34099,0.00492,0.00000,1.3448,0.2782,1.2669,0.09264,0.00476
hole_01,0.000,0.000,10,hcp30,fall,2,-3.236,5.166,20.00,1.38,0.90,ok,0.05663,0.00258,0.39444,2.35866,0.00501,0.00000,1.4139,0.2556,1.3272,0.11031,0.00502
hole_01,0.000,0.000,10,hcp30,fall,2,-3.236,5.166,20.00,1.38,1.00,ok,0.05475,0.00254,0.41355,2.38188,0.00504,0.00000,1.4802,0.2308,1.3927,0.13353,0.00524
hole_01,0.000,0.000,10,hcp30,fall,2,-3.236,5.166,20.00,1.38,1.10,ok,0.05212,0.00249,0.43133,2.40457,0.00505,0.00000,1.5462,0.2114,1.4555,0.15622,0.00540
hole_01,0.000,0.000,10,hcp30,fall,2,-3.236,5.166,20.00,1.38,1.20,ok,0.05225,0.00249,0.45120,2.42707,0.00511,0.00000,1.6225,0.1901,1.5327,0.17872,0.00562
hole_01,0.000,0.000,10,tour,fall,3,-0.219,6.092,20.00,1.38,0.00,ok,0.09850,0.00333,0.00545,1.90695,0.00336,0.00000,0.3031,0.5566,0.4058,0.03617,0.00397
hole_01,0.000,0.000,10,tour,fall,3,-0.219,6.092,20.00,1.38,0.10,ok,0.11613,0.00358,0.00648,1.89035,0.00362,0.00000,0.3828,0.4625,0.4164,0.01957,0.00298
hole_01,0.000,0.000,10,tour,fall,3,-0.219,6.092,20.00,1.38,0.20,ok,0.13300,0.00380,0.00891,1.87591,0.00385,0.00000,0.4358,0.3740,0.4454,0.00513,0.00209
hole_01,0.000,0.000,10,tour,fall,3,-0.219,6.092,20.00,1.38,0.30,ok,0.14213,0.00390,0.01291,1.87078,0.00398,0.00000,0.4876,0.2879,0.4882,0.00000,0.00000
hole_01,0.000,0.000,10,tour,fall,3,-0.219,6.092,20.00,1.38,0.40,ok,0.14388,0.00392,0.01875,1.87488,0.00404,0.00000,0.5470,0.2176,0.5427,0.00410,0.00191
hole_01,0.000,0.000,10,tour,fall,3,-0.219,6.092,20.00,1.38,0.50,ok,0.14775,0.00397,0.02697,1.87922,0.00414,0.00000,0.6149,0.1549,0.6132,0.00844,0.00256
hole_01,0.000,0.000,10,tour,fall,3,-0.219,6.092,20.00,1.38,0.60,ok,0.14638,0.00395,0.03702,1.89065,0.00418,0.00000,0.6840,0.1084,0.6874,0.01987,0.00301
hole_01,0.000,0.000,10,tour,fall,3,-0.219,6.092,20.00,1.38,0.70,ok,0.14475,0.00393,0.04910,1.90435,0.00424,0.00000,0.7604,0.0764,0.7674,0.03357,0.00333
hole_01,0.000,0.000,10,tour,fall,3,-0.219,6.092,20.00,1.38,0.80,ok,0.14300,0.00391,0.06535,1.92236,0.00432,0.00000,0.8503,0.0494,0.8630,0.05158,0.00365
hole_01,0.000,0.000,10,tour,fall,3,-0.219,6.092,20.00,1.38,0.90,ok,0.13812,0.00386,0.08197,1.94386,0.00436,0.00000,0.9334,0.0345,0.9491,0.07307,0.00386
hole_01,0.000,0.000,10,tour,fall,3,-0.219,6.092,20.00,1.38,1.00,ok,0.13150,0.00378,0.10162,1.97013,0.00439,0.00000,1.0212,0.0216,1.0416,0.09935,0.00403
hole_01,0.000,0.000,10,tour,fall,3,-0.219,6.092,20.00,1.38,1.10,ok,0.12600,0.00371,0.12266,1.99667,0.00443,0.00000,1.1105,0.0139,1.1333,0.12589,0.00418
hole_01,0.000,0.000,10,tour,fall,3,-0.219,6.092,20.00,1.38,1.20,ok,0.12025,0.00364,0.14746,2.02723,0.00447,0.00000,1.2122,0.0097,1.2355,0.15645,0.00433
hole_01,0.000,0.000,10,mid,fall,3,-0.219,6.092,20.00,1.38,0.00,ok,0.05575,0.00257,0.03699,1.98125,0.00277,0.00000,0.3802,0.5363,0.5362,0.00285,0.00218
hole_01,0.000,0.000,10,mid,fall,3,-0.219,6.092,20.00,1.38,0.10,ok,0.06225,0.00270,0.04064,1.97841,0.00293,0.00000,0.4442,0.4472,0.5511,0.00000,0.00000
hole_01,0.000,0.000,10,mid,fall,3,-0.219,6.092,20.00,1.38,0.20,ok,0.06525,0.00276,0.04758,1.98235,0.00304,0.00000,0.4970,0.3754,0.5778,0.00394,0.00181
hole_01,0.000,0.000,10,mid,fall,3,-0.219,6.092,20.00,1.38,0.30,ok,0.07100,0.00287,0.05755,1.98658,0.00322,0.00000,0.5543,0.3126,0.6168,0.00817,0.00245
hole_01,0.000,0.000,10,mid,fall,3,-0.219,6.092,20.00,1.38,0.40,ok,0.07312,0.00291,0.07089,1.99780,0.00334,0.00000,0.6128,0.2553,0.6644,0.01939,0.00281
hole_01,0.000,0.000,10,mid,fall,3,-0.219,6.092,20.00,1.38,0.50,ok,0.07687,0.00298,0.08781,2.01098,0.00352,0.00000,0.6768,0.2016,0.7246,0.03258,0.00312
hole_01,0.000,0.000,10,mid,fall,3,-0.219,6.092,20.00,1.38,0.60,ok,0.07913,0.00302,0.10695,2.02788,0.00367,0.00000,0.7441,0.1599,0.7902,0.04948,0.00342
hole_01,0.000,0.000,10,mid,fall,3,-0.219,6.092,20.00,1.38,0.70,ok,0.07838,0.00300,0.12856,2.05027,0.00378,0.00000,0.8114,0.1225,0.8608,0.07186,0.00367
hole_01,0.000,0.000,10,mid,fall,3,-0.219,6.092,20.00,1.38,0.80,ok,0.07625,0.00297,0.15518,2.07905,0.00388,0.00000,0.8909,0.0886,0.9453,0.10064,0.00390
hole_01,0.000,0.000,10,mid,fall,3,-0.219,6.092,20.00,1.38,0.90,ok,0.07225,0.00289,0.18069,2.10860,0.00392,0.00000,0.9677,0.0697,1.0226,0.13020,0.00404
hole_01,0.000,0.000,10,mid,fall,3,-0.219,6.092,20.00,1.38,1.00,ok,0.06888,0.00283,0.20895,2.14029,0.00397,0.00000,1.0502,0.0521,1.1083,0.16189,0.00419
hole_01,0.000,0.000,10,mid,fall,3,-0.219,6.092,20.00,1.38,1.10,ok,0.06538,0.00276,0.23769,2.17260,0.00401,0.00000,1.1345,0.0396,1.1948,0.19420,0.00428
hole_01,0.000,0.000,10,mid,fall,3,-0.219,6.092,20.00,1.38,1.20,ok,0.06313,0.00272,0.26906,2.20630,0.00408,0.00000,1.2274,0.0288,1.2905,0.22789,0.00437
hole_01,0.000,0.000,10,hcp30,fall,3,-0.219,6.092,20.00,1.38,0.00,ok,0.04412,0.00230,0.27760,2.24378,0.00418,0.00000,0.7415,0.5332,0.9482,0.00000,0.00000
hole_01,0.000,0.000,10,hcp30,fall,3,-0.219,6.092,20.00,1.38,0.10,ok,0.04913,0.00242,0.28343,2.24499,0.00432,0.00000,0.8904,0.4911,0.9659,0.00121,0.00285
hole_01,0.000,0.000,10,hcp30,fall,3,-0.219,6.092,20.00,1.38,0.20,ok,0.05025,0.00244,0.29185,2.25291,0.00438,0.00000,0.9517,0.4531,0.9897,0.00914,0.00347
hole_01,0.000,0.000,10,hcp30,fall,3,-0.219,6.092,20.00,1.38,0.30,ok,0.05150,0.00247,0.30230,2.26293,0.00446,0.00000,1.0103,0.4174,1.0203,0.01916,0.00392
hole_01,0.000,0.000,10,hcp30,fall,3,-0.219,6.092,20.00,1.38,0.40,ok,0.05337,0.00251,0.31383,2.27359,0.00456,0.00000,1.0657,0.3824,1.0562,0.02981,0.00423
hole_01,0.000,0.000,10,hcp30,fall,3,-0.219,6.092,20.00,1.38,0.50,ok,0.05412,0.00253,0.32737,2.28763,0.00464,0.00000,1.1325,0.3536,1.0986,0.04385,0.00454
hole_01,0.000,0.000,10,hcp30,fall,3,-0.219,6.092,20.00,1.38,0.60,ok,0.05412,0.00253,0.34200,2.30366,0.00471,0.00000,1.1888,0.3223,1.1446,0.05989,0.00479
hole_01,0.000,0.000,10,hcp30,fall,3,-0.219,6.092,20.00,1.38,0.70,ok,0.05462,0.00254,0.35739,2.32015,0.00479,0.00000,1.2562,0.2983,1.1957,0.07637,0.00503
hole_01,0.000,0.000,10,hcp30,fall,3,-0.219,6.092,20.00,1.38,0.80,ok,0.05262,0.00250,0.37695,2.34377,0.00483,0.00000,1.3271,0.2689,1.2586,0.10000,0.00527
hole_01,0.000,0.000,10,hcp30,fall,3,-0.219,6.092,20.00,1.38,0.90,ok,0.05137,0.00247,0.39474,2.36481,0.00487,0.00000,1.3944,0.2469,1.3183,0.12104,0.00547
hole_01,0.000,0.000,10,hcp30,fall,3,-0.219,6.092,20.00,1.38,1.00,ok,0.04950,0.00243,0.41393,2.38820,0.00489,0.00000,1.4645,0.2246,1.3842,0.14442,0.00564
hole_01,0.000,0.000,10,hcp30,fall,3,-0.219,6.092,20.00,1.38,1.10,ok,0.04675,0.00236,0.43276,2.41220,0.00489,0.00000,1.5352,0.2060,1.4501,0.16843,0.00581
hole_01,0.000,0.000,10,hcp30,fall,3,-0.219,6.092,20.00,1.38,1.20,ok,0.04625,0.00235,0.45288,2.43565,0.00494,0.00000,1.6140,0.1869,1.5270,0.19187,0.00598
hole_01,0.000,0.000,10,tour,fall,4,2.856,5.385,20.00,1.38,0.00,ok,0.10075,0.00337,0.00463,1.90388,0.00339,0.00000,0.2873,0.5588,0.3856,0.03046,0.00403
hole_01,0.000,0.000,10,tour,fall,4,2.856,5.385,20.00,1.38,0.10,ok,0.12012,0.00363,0.00507,1.88495,0.00366,0.00000,0.3543,0.4424,0.3989,0.01153,0.00316
hole_01,0.000,0.000,10,tour,fall,4,2.856,5.385,20.00,1.38,0.20,ok,0.12800,0.00374,0.00684,1.87884,0.00377,0.00000,0.4080,0.3473,0.4291,0.00543,0.00251
hole_01,0.000,0.000,10,tour,fall,4,2.856,5.385,20.00,1.38,0.30,ok,0.13525,0.00382,0.01011,1.87486,0.00388,0.00000,0.4664,0.2625,0.4753,0.00144,0.00186
hole_01,0.000,0.000,10,tour,fall,4,2.856,5.385,20.00,1.38,0.40,ok,0.14150,0.00390,0.01492,1.87342,0.00398,0.00000,0.5303,0.1966,0.5337,0.00000,0.00000
hole_01,0.000,0.000,10,tour,fall,4,2.856,5.385,20.00,1.38,0.50,ok,0.14325,0.00392,0.02128,1.87803,0.00404,0.00000,0.5943,0.1433,0.5983,0.00461,0.00167
hole_01,0.000,0.000,10,tour,fall,4,2.856,5.385,20.00,1.38,0.60,ok,0.14375,0.00392,0.03123,1.88748,0.00411,0.00000,0.6775,0.0994,0.6827,0.01406,0.00226
hole_01,0.000,0.000,10,tour,fall,4,2.856,5.385,20.00,1.38,0.70,ok,0.14213,0.00390,0.04279,1.90066,0.00416,0.00000,0.7572,0.0689,0.7664,0.02725,0.00268
hole_01,0.000,0.000,10,tour,fall,4,2.856,5.385,20.00,1.38,0.80,ok,0.13675,0.00384,0.05712,1.92038,0.00419,0.00000,0.8390,0.0449,0.8539,0.04696,0.00293
hole_01,0.000,0.000,10,tour,fall,4,2.856,5.385,20.00,1.38,0.90,ok,0.13262,0.00379,0.07381,1.94119,0.00423,0.00000,0.9274,0.0304,0.9449,0.06777,0.00314
hole_01,0.000,0.000,10,tour,fall,4,2.856,5.385,20.00,1.38,1.00,ok,0.12587,0.00371,0.09390,1.96804,0.00425,0.00000,1.0221,0.0200,1.0420,0.09462,0.00331
hole_01,0.000,0.000,10,tour,fall,4,2.856,5.385,20.00,1.38,1.10,ok,0.11975,0.00363,0.11623,1.99650,0.00428,0.00000,1.1185,0.0128,1.1407,0.12308,0.00348
hole_01,0.000,0.000,10,tour,fall,4,2.856,5.385,20.00,1.38,1.20,ok,0.11338,0.00354,0.13838,2.02503,0.00430,0.00000,1.2072,0.0073,1.2321,0.15161,0.00363
hole_01,0.000,0.000,10,mid,fall,4,2.856,5.385,20.00,1.38,0.00,ok,0.05725,0.00260,0.03189,1.97465,0.00277,0.00000,0.3703,0.5506,0.5164,0.00429,0.00217
hole_01,0.000,0.000,10,mid,fall,4,2.856,5.385,20.00,1.38,0.10,ok,0.06413,0.00274,0.03448,1.97037,0.00293,0.00000,0.4231,0.4569,0.5299,0.00000,0.00000
hole_01,0.000,0.000,10,mid,fall,4,2.856,5.385,20.00,1.38,0.20,ok,0.07000,0.00285,0.04051,1.97052,0.00309,0.00000,0.4703,0.3739,0.5579,0.00016,0.00176
hole_01,0.000,0.000,10,mid,fall,4,2.856,5.385,20.00,1.38,0.30,ok,0.07362,0.00292,0.05017,1.97657,0.00322,0.00000,0.5283,0.3025,0.5994,0.00620,0.00232
hole_01,0.000,0.000,10,mid,fall,4,2.856,5.385,20.00,1.38,0.40,ok,0.07700,0.00298,0.06247,1.98551,0.00336,0.00000,0.5830,0.2369,0.6499,0.01514,0.00266
hole_01,0.000,0.000,10,mid,fall,4,2.856,5.385,20.00,1.38,0.50,ok,0.07700,0.00298,0.07719,2.00024,0.00345,0.00000,0.6437,0.1863,0.7070,0.02987,0.00295
hole_01,0.000,0.000,10,mid,fall,4,2.856,5.385,20.00,1.38,0.60,ok,0.07787,0.00300,0.09718,2.01938,0.00358,0.00000,0.7184,0.1381,0.7817,0.04901,0.00324
hole_01,0.000,0.000,10,mid,fall,4,2.856,5.385,20.00,1.38,0.70,ok,0.07625,0.00297,0.11799,2.04184,0.00367,0.00000,0.7877,0.1008,0.8550,0.07147,0.00345
hole_01,0.000,0.000,10,mid,fall,4,2.856,5.385,20.00,1.38,0.80,ok,0.07200,0.00289,0.14196,2.07010,0.00371,0.00000,0.8640,0.0721,0.9348,0.09973,0.00361
hole_01,0.000,0.000,10,mid,fall,4,2.856,5.385,20.00,1.38,0.90,ok,0.07025,0.00286,0.16767,2.09759,0.00380,0.00000,0.9448,0.0503,1.0194,0.12723,0.00379
hole_01,0.000,0.000,10,mid,fall,4,2.856,5.385,20.00,1.38,1.00,ok,0.06863,0.00283,0.19661,2.12822,0.00389,0.00000,1.0348,0.0336,1.1128,0.15786,0.00398
hole_01,0.000,0.000,10,mid,fall,4,2.856,5.385,20.00,1.38,1.10,ok,0.06250,0.00271,0.22709,2.16491,0.00387,0.00000,1.1274,0.0237,1.2055,0.19454,0.00405
hole_01,0.000,0.000,10,mid,fall,4,2.856,5.385,20.00,1.38,1.20,ok,0.05875,0.00263,0.25601,2.19766,0.00389,0.00000,1.2152,0.0170,1.2940,0.22730,0.00414
hole_01,0.000,0.000,10,hcp30,fall,4,2.856,5.385,20.00,1.38,0.00,ok,0.04500,0.00232,0.26251,2.22623,0.00408,0.00000,0.7237,0.5237,0.9044,0.00000,0.00000
hole_01,0.000,0.000,10,hcp30,fall,4,2.856,5.385,20.00,1.38,0.10,ok,0.04913,0.00242,0.26762,2.22770,0.00420,0.00000,0.8565,0.4815,0.9212,0.00148,0.00251
hole_01,0.000,0.000,10,hcp30,fall,4,2.856,5.385,20.00,1.38,0.20,ok,0.05038,0.00245,0.27542,2.23494,0.00428,0.00000,0.9131,0.4418,0.9450,0.00872,0.00312
hole_01,0.000,0.000,10,hcp30,fall,4,2.856,5.385,20.00,1.38,0.30,ok,0.05063,0.00245,0.28637,2.24660,0.00435,0.00000,0.9751,0.4054,0.9775,0.02037,0.00357
hole_01,0.000,0.000,10,hcp30,fall,4,2.856,5.385,20.00,1.38,0.40,ok,0.05187,0.00248,0.29856,2.25863,0.00445,0.00000,1.0402,0.3763,1.0153,0.03241,0.00393
hole_01,0.000,0.000,10,hcp30,fall,4,2.856,5.385,20.00,1.38,0.50,ok,0.05325,0.00251,0.31154,2.27150,0.00455,0.00000,1.0927,0.3431,1.0568,0.04527,0.00425
hole_01,0.000,0.000,10,hcp30,fall,4,2.856,5.385,20.00,1.38,0.60,ok,0.05162,0.00247,0.32953,2.29281,0.00460,0.00000,1.1596,0.3087,1.1107,0.06659,0.00456
hole_01,0.000,0.000,10,hcp30,fall,4,2.856,5.385,20.00,1.38,0.70,ok,0.04925,0.00242,0.34744,2.31488,0.00463,0.00000,1.2241,0.2804,1.1650,0.08865,0.00480
hole_01,0.000,0.000,10,hcp30,fall,4,2.856,5.385,20.00,1.38,0.80,ok,0.04788,0.00239,0.36595,2.33675,0.00468,0.00000,1.2940,0.2564,1.2239,0.11053,0.00505
hole_01,0.000,0.000,10,hcp30,fall,4,2.856,5.385,20.00,1.38,0.90,ok,0.04637,0.00235,0.38527,2.35977,0.00472,0.00000,1.3612,0.2317,1.2872,0.13354,0.00527
hole_01,0.000,0.000,10,hcp30,fall,4,2.856,5.385,20.00,1.38,1.00,ok,0.04475,0.00231,0.40594,2.38456,0.00476,0.00000,1.4301,0.2065,1.3571,0.15833,0.00550
hole_01,0.000,0.000,10,hcp30,fall,4,2.856,5.385,20.00,1.38,1.10,ok,0.04450,0.00231,0.42685,2.40843,0.00482,0.00000,1.5057,0.1852,1.4322,0.18220,0.00572
hole_01,0.000,0.000,10,hcp30,fall,4,2.856,5.385,20.00,1.38,1.20,ok,0.04375,0.00229,0.44586,2.43083,0.00486,0.00000,1.5778,0.1689,1.5029,0.20461,0.00588
hole_01,0.000,0.000,10,tour,fall,5,5.166,3.236,20.00,1.38,0.00,ok,0.09938,0.00334,0.00372,1.90434,0.00336,0.00000,0.2999,0.5492,0.3786,0.03871,0.00333
hole_01,0.000,0.000,10,tour,fall,5,5.166,3.236,20.00,1.38,0.10,ok,0.11488,0.00357,0.00389,1.88902,0.00358,0.00000,0.3542,0.4369,0.3925,0.02339,0.00268
hole_01,0.000,0.000,10,tour,fall,5,5.166,3.236,20.00,1.38,0.20,ok,0.13075,0.00377,0.00518,1.87443,0.00380,0.00000,0.4078,0.3427,0.4244,0.00880,0.00190
hole_01,0.000,0.000,10,tour,fall,5,5.166,3.236,20.00,1.38,0.30,ok,0.14213,0.00390,0.00775,1.86563,0.00395,0.00000,0.4668,0.2562,0.4734,0.00000,0.00000
hole_01,0.000,0.000,10,tour,fall,5,5.166,3.236,20.00,1.38,0.40,ok,0.14538,0.00394,0.01228,1.86691,0.00401,0.00000,0.5351,0.1805,0.5388,0.00128,0.00170
hole_01,0.000,0.000,10,tour,fall,5,5.166,3.236,20.00,1.38,0.50,ok,0.14388,0.00392,0.01796,1.87408,0.00403,0.00000,0.5996,0.1272,0.6055,0.00845,0.00224
hole_01,0.000,0.000,10,tour,fall,5,5.166,3.236,20.00,1.38,0.60,ok,0.14225,0.00391,0.02623,1.88398,0.00406,0.00000,0.6798,0.0871,0.6874,0.01835,0.00257
hole_01,0.000,0.000,10,tour,fall,5,5.166,3.236,20.00,1.38,0.70,ok,0.14012,0.00388,0.03705,1.89693,0.00410,0.00000,0.7658,0.0567,0.7778,0.03130,0.00287
hole_01,0.000,0.000,10,tour,fall,5,5.166,3.236,20.00,1.38,0.80,ok,0.13712,0.00385,0.05034,1.91322,0.00414,0.00000,0.8553,0.0353,0.8720,0.04759,0.00311
hole_01,0.000,0.000,10,tour,fall,5,5.166,3.236,20.00,1.38,0.90,ok,0.13112,0.00377,0.06413,1.93301,0.00415,0.00000,0.9372,0.0247,0.9555,0.06738,0.00327
hole_01,0.000,0.000,10,tour,fall,5,5.166,3.236,20.00,1.38,1.00,ok,0.12137,0.00365,0.08255,1.96119,0.00412,0.00000,1.0311,0.0141,1.0531,0.09556,0.00347
hole_01,0.000,0.000,10,tour,fall,5,5.166,3.236,20.00,1.38,1.10,ok,0.11313,0.00354,0.10252,1.98941,0.00410,0.00000,1.1244,0.0073,1.1492,0.12378,0.00362
hole_01,0.000,0.000,10,tour,fall,5,5.166,3.236,20.00,1.38,1.20,ok,0.10375,0.00341,0.12491,2.02118,0.00406,0.00000,1.2229,0.0043,1.2477,0.15555,0.00380
hole_01,0.000,0.000,10,mid,fall,5,5.166,3.236,20.00,1.38,0.00,ok,0.05713,0.00259,0.03001,1.97290,0.00275,0.00000,0.3630,0.5324,0.5110,0.00427,0.00148
hole_01,0.000,0.000,10,mid,fall,5,5.166,3.236,20.00,1.38,0.10,ok,0.06325,0.00272,0.03187,1.96863,0.00289,0.00000,0.4135,0.4450,0.5256,0.00000,0.00000
hole_01,0.000,0.000,10,mid,fall,5,5.166,3.236,20.00,1.38,0.20,ok,0.06575,0.00277,0.03683,1.97110,0.00297,0.00000,0.4625,0.3646,0.5535,0.00247,0.00137
hole_01,0.000,0.000,10,mid,fall,5,5.166,3.236,20.00,1.38,0.30,ok,0.06888,0.00283,0.04504,1.97619,0.00308,0.00000,0.5165,0.2890,0.5954,0.00756,0.00191
hole_01,0.000,0.000,10,mid,fall,5,5.166,3.236,20.00,1.38,0.40,ok,0.06850,0.00282,0.05706,1.98859,0.00315,0.00000,0.5797,0.2225,0.6503,0.01996,0.00226
hole_01,0.000,0.000,10,mid,fall,5,5.166,3.236,20.00,1.38,0.50,ok,0.07037,0.00286,0.07066,2.00034,0.00327,0.00000,0.6389,0.1686,0.7102,0.03171,0.00255
hole_01,0.000,0.000,10,mid,fall,5,5.166,3.236,20.00,1.38,0.60,ok,0.07037,0.00286,0.08890,2.01860,0.00337,0.00000,0.7125,0.1241,0.7838,0.04997,0.00284
hole_01,0.000,0.000,10,mid,fall,5,5.166,3.236,20.00,1.38,0.70,ok,0.06700,0.00280,0.10995,2.04305,0.00342,0.00000,0.7897,0.0907,0.8617,0.07442,0.00301
hole_01,0.000,0.000,10,mid,fall,5,5.166,3.236,20.00,1.38,0.80,ok,0.06475,0.00275,0.13372,2.06911,0.00349,0.00000,0.8720,0.0646,0.9461,0.10048,0.00316
hole_01,0.000,0.000,10,mid,fall,5,5.166,3.236,20.00,1.38,0.90,ok,0.06237,0.00270,0.15661,2.09442,0.00355,0.00000,0.9469,0.0460,1.0243,0.12579,0.00335
hole_01,0.000,0.000,10,mid,fall,5,5.166,3.236,20.00,1.38,1.00,ok,0.05850,0.00262,0.18429,2.12603,0.00358,0.00000,1.0369,0.0333,1.1141,0.15740,0.00346
hole_01,0.000,0.000,10,mid,fall,5,5.166,3.236,20.00,1.38,1.10,ok,0.05488,0.00255,0.21310,2.15854,0.00360,0.00000,1.1294,0.0251,1.2056,0.18991,0.00362
hole_01,0.000,0.000,10,mid,fall,5,5.166,3.236,20.00,1.38,1.20,ok,0.05050,0.00245,0.24339,2.19330,0.00360,0.00000,1.2213,0.0165,1.2998,0.22467,0.00375
hole_01,0.000,0.000,10,hcp30,fall,5,5.166,3.236,20.00,1.38,0.00,ok,0.04225,0.00225,0.24927,2.21512,0.00397,0.00000,0.7532,0.5184,0.8826,0.00000,0.00000
hole_01,0.000,0.000,10,hcp30,fall,5,5.166,3.236,20.00,1.38,0.10,ok,0.04637,0.00235,0.25340,2.21562,0.00409,0.00000,0.8329,0.4749,0.9007,0.00050,0.00175
hole_01,0.000,0.000,10,hcp30,fall,5,5.166,3.236,20.00,1.38,0.20,ok,0.04825,0.00240,0.26119,2.22226,0.00417,0.00000,0.8961,0.4396,0.9267,0.00713,0.00236
hole_01,0.000,0.000,10,hcp30,fall,5,5.166,3.236,20.00,1.38,0.30,ok,0.04825,0.00240,0.27182,2.23382,0.00423,0.00000,0.9508,0.3997,0.9594,0.01869,0.00286
hole_01,0.000,0.000,10,hcp30,fall,5,5.166,3.236,20.00,1.38,0.40,ok,0.04825,0.00240,0.28566,2.24889,0.00430,0.00000,1.0176,0.3634,1.0020,0.03376,0.00331
hole_01,0.000,0.000,10,hcp30,fall,5,5.166,3.236,20.00,1.38,0.50,ok,0.04863,0.00240,0.29962,2.26375,0.00437,0.00000,1.0753,0.3316,1.0455,0.04862,0.00368
hole_01,0.000,0.000,10,hcp30,fall,5,5.166,3.236,20.00,1.38,0.60,ok,0.04913,0.00242,0.31611,2.28131,0.00447,0.00000,1.1389,0.2991,1.0980,0.06619,0.00400
hole_01,0.000,0.000,10,hcp30,fall,5,5.166,3.236,20.00,1.38,0.70,ok,0.04900,0.00241,0.33430,2.30145,0.00454,0.00000,1.2000,0.2655,1.1566,0.08632,0.00435
hole_01,0.000,0.000,10,hcp30,fall,5,5.166,3.236,20.00,1.38,0.80,ok,0.04800,0.00239,0.35381,2.32400,0.00460,0.00000,1.2666,0.2361,1.2203,0.10888,0.00466
hole_01,0.000,0.000,10,hcp30,fall,5,5.166,3.236,20.00,1.38,0.90,ok,0.04612,0.00235,0.37186,2.34590,0.00463,0.00000,1.3285,0.2137,1.2794,0.13077,0.00491
hole_01,0.000,0.000,10,hcp30,fall,5,5.166,3.236,20.00,1.38,1.00,ok,0.04512,0.00232,0.39245,2.36990,0.00468,0.00000,1.4037,0.1922,1.3506,0.15478,0.00520
hole_01,0.000,0.000,10,hcp30,fall,5,5.166,3.236,20.00,1.38,1.10,ok,0.04350,0.00228,0.41337,2.39502,0.00471,0.00000,1.4829,0.1751,1.4237,0.17990,0.00542
hole_01,0.000,0.000,10,hcp30,fall,5,5.166,3.236,20.00,1.38,1.20,ok,0.04225,0.00225,0.43449,2.42019,0.00474,0.00000,1.5613,0.1581,1.5005,0.20507,0.00563
hole_01,0.000,0.000,10,tour,fall,6,6.092,0.219,20.00,1.38,0.00,ok,0.09950,0.00335,0.00372,1.90422,0.00336,0.00000,0.3154,0.5462,0.3854,0.02950,0.00317
hole_01,0.000,0.000,10,tour,fall,6,6.092,0.219,20.00,1.38,0.10,ok,0.11250,0.00353,0.00359,1.89109,0.00355,0.00000,0.3591,0.4431,0.3978,0.01637,0.00274
hole_01,0.000,0.000,10,tour,fall,6,6.092,0.219,20.00,1.38,0.20,ok,0.12462,0.00369,0.00459,1.87996,0.00372,0.00000,0.4114,0.3464,0.4289,0.00524,0.00232
hole_01,0.000,0.000,10,tour,fall,6,6.092,0.219,20.00,1.38,0.30,ok,0.13212,0.00379,0.00685,1.87472,0.00382,0.00000,0.4687,0.2604,0.4755,0.00000,0.00161
hole_01,0.000,0.000,10,tour,fall,6,6.092,0.219,20.00,1.38,0.40,ok,0.13587,0.00383,0.01060,1.87472,0.00389,0.00000,0.5331,0.1892,0.5358,0.00000,0.00000
hole_01,0.000,0.000,10,tour,fall,6,6.092,0.219,20.00,1.38,0.50,ok,0.13925,0.00387,0.01617,1.87692,0.00396,0.00000,0.6077,0.1356,0.6091,0.00220,0.00161
hole_01,0.000,0.000,10,tour,fall,6,6.092,0.219,20.00,1.38,0.60,ok,0.13775,0.00385,0.02369,1.88594,0.00399,0.00000,0.6825,0.0921,0.6886,0.01122,0.00205
hole_01,0.000,0.000,10,tour,fall,6,6.092,0.219,20.00,1.38,0.70,ok,0.13437,0.00381,0.03353,1.89916,0.00400,0.00000,0.7643,0.0606,0.7753,0.02444,0.00247
hole_01,0.000,0.000,10,tour,fall,6,6.092,0.219,20.00,1.38,0.80,ok,0.13050,0.00377,0.04546,1.91497,0.00402,0.00000,0.8495,0.0385,0.8654,0.04024,0.00275
hole_01,0.000,0.000,10,tour,fall,6,6.092,0.219,20.00,1.38,0.90,ok,0.12337,0.00368,0.06022,1.93685,0.00401,0.00000,0.9412,0.0235,0.9608,0.06213,0.00301
hole_01,0.000,0.000,10,tour,fall,6,6.092,0.219,20.00,1.38,1.00,ok,0.11588,0.00358,0.07657,1.96071,0.00400,0.00000,1.0332,0.0151,1.0543,0.08598,0.00321
hole_01,0.000,0.000,10,tour,fall,6,6.092,0.219,20.00,1.38,1.10,ok,0.10787,0.00347,0.09558,1.98772,0.00397,0.00000,1.1305,0.0104,1.1517,0.11300,0.00338
hole_01,0.000,0.000,10,tour,fall,6,6.092,0.219,20.00,1.38,1.20,ok,0.09988,0.00335,0.11650,2.01665,0.00395,0.00000,1.2273,0.0058,1.2501,0.14192,0.00357
hole_01,0.000,0.000,10,mid,fall,6,6.092,0.219,20.00,1.38,0.00,ok,0.05462,0.00254,0.02949,1.97487,0.00269,0.00000,0.3654,0.5368,0.5106,0.00747,0.00186
hole_01,0.000,0.000,10,mid,fall,6,6.092,0.219,20.00,1.38,0.10,ok,0.06075,0.00267,0.03062,1.96988,0.00283,0.00000,0.4094,0.4509,0.5241,0.00248,0.00133
hole_01,0.000,0.000,10,mid,fall,6,6.092,0.219,20.00,1.38,0.20,ok,0.06750,0.00280,0.03488,1.96740,0.00299,0.00000,0.4592,0.3693,0.5521,0.00000,0.00000
hole_01,0.000,0.000,10,mid,fall,6,6.092,0.219,20.00,1.38,0.30,ok,0.07075,0.00287,0.04214,1.97142,0.00309,0.00000,0.5140,0.2974,0.5917,0.00402,0.00130
hole_01,0.000,0.000,10,mid,fall,6,6.092,0.219,20.00,1.38,0.40,ok,0.07337,0.00292,0.05265,1.97931,0.00321,0.00000,0.5730,0.2309,0.6441,0.01191,0.00183
hole_01,0.000,0.000,10,mid,fall,6,6.092,0.219,20.00,1.38,0.50,ok,0.07400,0.00293,0.06627,1.99232,0.00330,0.00000,0.6393,0.1778,0.7059,0.02492,0.00216
hole_01,0.000,0.000,10,mid,fall,6,6.092,0.219,20.00,1.38,0.60,ok,0.07412,0.00293,0.08274,2.00869,0.00340,0.00000,0.7074,0.1312,0.7756,0.04129,0.00242
hole_01,0.000,0.000,10,mid,fall,6,6.092,0.219,20.00,1.38,0.70,ok,0.07350,0.00292,0.10217,2.02876,0.00349,0.00000,0.7834,0.0958,0.8534,0.06136,0.00273
hole_01,0.000,0.000,10,mid,fall,6,6.092,0.219,20.00,1.38,0.80,ok,0.07075,0.00287,0.12390,2.05328,0.00355,0.00000,0.8611,0.0682,0.9342,0.08588,0.00294
hole_01,0.000,0.000,10,mid,fall,6,6.092,0.219,20.00,1.38,0.90,ok,0.06938,0.00284,0.14830,2.07910,0.00364,0.00000,0.9464,0.0481,1.0218,0.11170,0.00313
hole_01,0.000,0.000,10,mid,fall,6,6.092,0.219,20.00,1.38,1.00,ok,0.06575,0.00277,0.17442,2.10890,0.00368,0.00000,1.0335,0.0341,1.1103,0.14150,0.00332
hole_01,0.000,0.000,10,mid,fall,6,6.092,0.219,20.00,1.38,1.10,ok,0.06125,0.00268,0.20262,2.14167,0.00370,0.00000,1.1242,0.0230,1.2029,0.17428,0.00350
hole_01,0.000,0.000,10,mid,fall,6,6.092,0.219,20.00,1.38,1.20,ok,0.05725,0.00260,0.23170,2.17484,0.00371,0.00000,1.2176,0.0160,1.2966,0.20744,0.00365
hole_01,0.000,0.000,10,hcp30,fall,6,6.092,0.219,20.00,1.38,0.00,ok,0.04437,0.00230,0.25028,2.21403,0.00398,0.00000,0.8043,0.5207,0.8953,0.00000,0.00000
hole_01,0.000,0.000,10,hcp30,fall,6,6.092,0.219,20.00,1.38,0.10,ok,0.04688,0.00236,0.25361,2.21531,0.00406,0.00000,0.8581,0.4833,0.9115,0.00128,0.00108
hole_01,0.000,0.000,10,hcp30,fall,6,6.092,0.219,20.00,1.38,0.20,ok,0.04875,0.00241,0.25990,2.22040,0.00414,0.00000,0.9160,0.4465,0.9359,0.00637,0.00175
hole_01,0.000,0.000,10,hcp30,fall,6,6.092,0.219,20.00,1.38,0.30,ok,0.05025,0.00244,0.26889,2.22875,0.00423,0.00000,0.9732,0.4100,0.9675,0.01471,0.00229
hole_01,0.000,0.000,10,hcp30,fall,6,6.092,0.219,20.00,1.38,0.40,ok,0.05200,0.00248,0.28001,2.23918,0.00433,0.00000,1.0273,0.3717,1.0062,0.02515,0.00278
hole_01,0.000,0.000,10,hcp30,fall,6,6.092,0.219,20.00,1.38,0.50,ok,0.05175,0.00248,0.29335,2.25404,0.00440,0.00000,1.0846,0.3363,1.0499,0.04001,0.00321
hole_01,0.000,0.000,10,hcp30,fall,6,6.092,0.219,20.00,1.38,0.60,ok,0.05237,0.00249,0.30799,2.26952,0.00449,0.00000,1.1499,0.3070,1.0997,0.05549,0.00360
hole_01,0.000,0.000,10,hcp30,fall,6,6.092,0.219,20.00,1.38,0.70,ok,0.05137,0.00247,0.32415,2.28833,0.00455,0.00000,1.2073,0.2737,1.1546,0.07430,0.00398
hole_01,0.000,0.000,10,hcp30,fall,6,6.092,0.219,20.00,1.38,0.80,ok,0.04938,0.00242,0.34152,2.30955,0.00458,0.00000,1.2719,0.2464,1.2133,0.09552,0.00433
hole_01,0.000,0.000,10,hcp30,fall,6,6.092,0.219,20.00,1.38,0.90,ok,0.04637,0.00235,0.36083,2.33396,0.00459,0.00000,1.3348,0.2173,1.2783,0.11993,0.00468
hole_01,0.000,0.000,10,hcp30,fall,6,6.092,0.219,20.00,1.38,1.00,ok,0.04550,0.00233,0.37979,2.35602,0.00465,0.00000,1.4067,0.1960,1.3463,0.14198,0.00496
hole_01,0.000,0.000,10,hcp30,fall,6,6.092,0.219,20.00,1.38,1.10,ok,0.04362,0.00228,0.39976,2.38032,0.00467,0.00000,1.4826,0.1774,1.4184,0.16629,0.00522
hole_01,0.000,0.000,10,hcp30,fall,6,6.092,0.219,20.00,1.38,1.20,ok,0.04150,0.00223,0.42051,2.40585,0.00468,0.00000,1.5584,0.1591,1.4943,0.19182,0.00547
hole_01,0.000,0.000,10,tour,fall,7,5.385,-2.856,20.00,1.38,0.00,ok,0.10400,0.00341,0.00422,1.90022,0.00343,0.00000,0.3072,0.5564,0.3897,0.03436,0.00358
hole_01,0.000,0.000,10,tour,fall,7,5.385,-2.856,20.00,1.38,0.10,ok,0.11962,0.00363,0.00439,1.88477,0.00365,0.00000,0.3700,0.4490,0.4036,0.01890,0.00296
hole_01,0.000,0.000,10,tour,fall,7,5.385,-2.856,20.00,1.38,0.20,ok,0.13050,0.00377,0.00579,1.87529,0.00380,0.00000,0.4224,0.3562,0.4334,0.00943,0.00237
hole_01,0.000,0.000,10,tour,fall,7,5.385,-2.856,20.00,1.38,0.30,ok,0.14088,0.00389,0.00833,1.86746,0.00394,0.00000,0.4715,0.2700,0.4768,0.00160,0.00173
hole_01,0.000,0.000,10,tour,fall,7,5.385,-2.856,20.00,1.38,0.40,ok,0.14700,0.00396,0.01286,1.86586,0.00403,0.00000,0.5390,0.1971,0.5387,0.00000,0.00000
hole_01,0.000,0.000,10,tour,fall,7,5.385,-2.856,20.00,1.38,0.50,ok,0.14788,0.00397,0.01946,1.87159,0.00409,0.00000,0.6089,0.1353,0.6120,0.00572,0.00155
hole_01,0.000,0.000,10,tour,fall,7,5.385,-2.856,20.00,1.38,0.60,ok,0.14538,0.00394,0.02741,1.88204,0.00411,0.00000,0.6802,0.0958,0.6860,0.01617,0.00207
hole_01,0.000,0.000,10,tour,fall,7,5.385,-2.856,20.00,1.38,0.70,ok,0.14425,0.00393,0.03842,1.89418,0.00416,0.00000,0.7628,0.0606,0.7753,0.02831,0.00244
hole_01,0.000,0.000,10,tour,fall,7,5.385,-2.856,20.00,1.38,0.80,ok,0.13750,0.00385,0.05177,1.91427,0.00416,0.00000,0.8485,0.0375,0.8663,0.04841,0.00274
hole_01,0.000,0.000,10,tour,fall,7,5.385,-2.856,20.00,1.38,0.90,ok,0.13150,0.00378,0.06569,1.93420,0.00416,0.00000,0.9307,0.0248,0.9511,0.06834,0.00294
hole_01,0.000,0.000,10,tour,fall,7,5.385,-2.856,20.00,1.38,1.00,ok,0.12537,0.00370,0.08333,1.95796,0.00418,0.00000,1.0258,0.0154,1.0482,0.09210,0.00315
hole_01,0.000,0.000,10,tour,fall,7,5.385,-2.856,20.00,1.38,1.10,ok,0.11812,0.00361,0.10285,1.98474,0.00418,0.00000,1.1235,0.0109,1.1455,0.11888,0.00335
hole_01,0.000,0.000,10,tour,fall,7,5.385,-2.856,20.00,1.38,1.20,ok,0.10975,0.00349,0.12411,2.01438,0.00415,0.00000,1.2203,0.0067,1.2435,0.14851,0.00357
hole_01,0.000,0.000,10,mid,fall,7,5.385,-2.856,20.00,1.38,0.00,ok,0.05788,0.00261,0.03168,1.97382,0.00278,0.00000,0.3718,0.5307,0.5173,0.00536,0.00217
hole_01,0.000,0.000,10,mid,fall,7,5.385,-2.856,20.00,1.38,0.10,ok,0.06438,0.00274,0.03344,1.96908,0.00292,0.00000,0.4248,0.4424,0.5329,0.00062,0.00150
hole_01,0.000,0.000,10,mid,fall,7,5.385,-2.856,20.00,1.38,0.20,ok,0.07013,0.00285,0.03856,1.96846,0.00307,0.00000,0.4740,0.3603,0.5630,0.00000,0.00000
hole_01,0.000,0.000,10,mid,fall,7,5.385,-2.856,20.00,1.38,0.30,ok,0.07287,0.00291,0.04626,1.97341,0.00317,0.00000,0.5273,0.2968,0.6016,0.00496,0.00128
hole_01,0.000,0.000,10,mid,fall,7,5.385,-2.856,20.00,1.38,0.40,ok,0.07537,0.00295,0.05830,1.98297,0.00329,0.00000,0.5901,0.2291,0.6575,0.01452,0.00187
hole_01,0.000,0.000,10,mid,fall,7,5.385,-2.856,20.00,1.38,0.50,ok,0.07587,0.00296,0.07343,1.99762,0.00339,0.00000,0.6592,0.1772,0.7217,0.02916,0.00223
hole_01,0.000,0.000,10,mid,fall,7,5.385,-2.856,20.00,1.38,0.60,ok,0.07300,0.00291,0.09002,2.01710,0.00343,0.00000,0.7234,0.1363,0.7861,0.04865,0.00247
hole_01,0.000,0.000,10,mid,fall,7,5.385,-2.856,20.00,1.38,0.70,ok,0.07125,0.00288,0.11096,2.03983,0.00351,0.00000,0.7977,0.0978,0.8645,0.07138,0.00274
hole_01,0.000,0.000,10,mid,fall,7,5.385,-2.856,20.00,1.38,0.80,ok,0.06813,0.00282,0.13445,2.06649,0.00357,0.00000,0.8785,0.0710,0.9475,0.09803,0.00298
hole_01,0.000,0.000,10,mid,fall,7,5.385,-2.856,20.00,1.38,0.90,ok,0.06525,0.00276,0.15771,2.09267,0.00362,0.00000,0.9554,0.0527,1.0264,0.12422,0.00315
hole_01,0.000,0.000,10,mid,fall,7,5.385,-2.856,20.00,1.38,1.00,ok,0.06175,0.00269,0.18517,2.12369,0.00366,0.00000,1.0426,0.0365,1.1167,0.15524,0.00333
hole_01,0.000,0.000,10,mid,fall,7,5.385,-2.856,20.00,1.38,1.10,ok,0.05813,0.00262,0.21399,2.15621,0.00369,0.00000,1.1332,0.0252,1.2095,0.18776,0.00353
hole_01,0.000,0.000,10,mid,fall,7,5.385,-2.856,20.00,1.38,1.20,ok,0.05350,0.00252,0.24356,2.19050,0.00368,0.00000,1.2240,0.0166,1.3025,0.22205,0.00368
hole_01,0.000,0.000,10,hcp30,fall,7,5.385,-2.856,20.00,1.38,0.00,ok,0.04238,0.00225,0.25853,2.22466,0.00399,0.00000,0.7734,0.5255,0.9088,0.00000,0.00000
hole_01,0.000,0.000,10,hcp30,fall,7,5.385,-2.856,20.00,1.38,0.10,ok,0.04512,0.00232,0.26334,2.22723,0.00408,0.00000,0.8663,0.4842,0.9273,0.00257,0.00186
hole_01,0.000,0.000,10,hcp30,fall,7,5.385,-2.856,20.00,1.38,0.20,ok,0.04637,0.00235,0.27056,2.23388,0.00415,0.00000,0.9178,0.4420,0.9520,0.00922,0.00247
hole_01,0.000,0.000,10,hcp30,fall,7,5.385,-2.856,20.00,1.38,0.30,ok,0.04913,0.00242,0.27909,2.24047,0.00426,0.00000,0.9692,0.4063,0.9820,0.01581,0.00291
hole_01,0.000,0.000,10,hcp30,fall,7,5.385,-2.856,20.00,1.38,0.40,ok,0.05025,0.00244,0.29124,2.25263,0.00435,0.00000,1.0372,0.3727,1.0223,0.02797,0.00332
hole_01,0.000,0.000,10,hcp30,fall,7,5.385,-2.856,20.00,1.38,0.50,ok,0.05075,0.00245,0.30544,2.26768,0.00444,0.00000,1.1076,0.3426,1.0687,0.04302,0.00373
hole_01,0.000,0.000,10,hcp30,fall,7,5.385,-2.856,20.00,1.38,0.60,ok,0.04950,0.00243,0.32003,2.28495,0.00449,0.00000,1.1659,0.3134,1.1151,0.06029,0.00408
hole_01,0.000,0.000,10,hcp30,fall,7,5.385,-2.856,20.00,1.38,0.70,ok,0.04863,0.00240,0.33697,2.30451,0.00455,0.00000,1.2307,0.2837,1.1702,0.07985,0.00441
hole_01,0.000,0.000,10,hcp30,fall,7,5.385,-2.856,20.00,1.38,0.80,ok,0.04650,0.00235,0.35498,2.32660,0.00459,0.00000,1.2998,0.2588,1.2286,0.10194,0.00469
hole_01,0.000,0.000,10,hcp30,fall,7,5.385,-2.856,20.00,1.38,0.90,ok,0.04537,0.00233,0.37236,2.34707,0.00463,0.00000,1.3594,0.2339,1.2874,0.12241,0.00496
hole_01,0.000,0.000,10,hcp30,fall,7,5.385,-2.856,20.00,1.38,1.00,ok,0.04300,0.00227,0.39244,2.37191,0.00465,0.00000,1.4252,0.2077,1.3557,0.14724,0.00521
hole_01,0.000,0.000,10,hcp30,fall,7,5.385,-2.856,20.00,1.38,1.10,ok,0.04138,0.00223,0.41263,2.39627,0.00468,0.00000,1.4969,0.1863,1.4273,0.17161,0.00543
hole_01,0.000,0.000,10,hcp30,fall,7,5.385,-2.856,20.00,1.38,1.20,ok,0.04050,0.00220,0.43215,2.41936,0.00473,0.00000,1.5667,0.1662,1.5006,0.19470,0.00561
hole_01,0.000,0.000,10,tour,fall,8,3.236,-5.166,20.00,1.38,0.00,ok,0.09913,0.00334,0.00509,1.90597,0.00337,0.00000,0.3010,0.5474,0.3987,0.03464,0.00401
hole_01,0.000,0.000,10,tour,fall,8,3.236,-5.166,20.00,1.38,0.10,ok,0.11638,0.00359,0.00552,1.88914,0.00361,0.00000,0.3714,0.4462,0.4114,0.01781,0.00330
hole_01,0.000,0.000,10,tour,fall,8,3.236,-5.166,20.00,1.38,0.20,ok,0.12937,0.00375,0.00728,1.87790,0.00379,0.00000,0.4258,0.3565,0.4414,0.00657,0.00266
hole_01,0.000,0.000,10,tour,fall,8,3.236,-5.166,20.00,1.38,0.30,ok,0.13687,0.00384,0.01052,1.87365,0.00390,0.00000,0.4829,0.2757,0.4855,0.00232,0.00192
hole_01,0.000,0.000,10,tour,fall,8,3.236,-5.166,20.00,1.38,0.40,ok,0.14438,0.00393,0.01570,1.87133,0.00403,0.00000,0.5473,0.2057,0.5452,0.00000,0.00000
hole_01,0.000,0.000,10,tour,fall,8,3.236,-5.166,20.00,1.38,0.50,ok,0.14500,0.00394,0.02308,1.87808,0.00408,0.00000,0.6160,0.1491,0.6145,0.00675,0.00165
hole_01,0.000,0.000,10,tour,fall,8,3.236,-5.166,20.00,1.38,0.60,ok,0.14288,0.00391,0.03267,1.88979,0.00412,0.00000,0.6891,0.1049,0.6912,0.01846,0.00230
hole_01,0.000,0.000,10,tour,fall,8,3.236,-5.166,20.00,1.38,0.70,ok,0.14050,0.00389,0.04483,1.90434,0.00417,0.00000,0.7665,0.0679,0.7766,0.03301,0.00273
hole_01,0.000,0.000,10,tour,fall,8,3.236,-5.166,20.00,1.38,0.80,ok,0.13662,0.00384,0.05926,1.92264,0.00421,0.00000,0.8502,0.0465,0.8638,0.05131,0.00298
hole_01,0.000,0.000,10,tour,fall,8,3.236,-5.166,20.00,1.38,0.90,ok,0.13025,0.00376,0.07642,1.94618,0.00423,0.00000,0.9363,0.0292,0.9550,0.07485,0.00323
hole_01,0.000,0.000,10,tour,fall,8,3.236,-5.166,20.00,1.38,1.00,ok,0.12350,0.00368,0.09628,1.97280,0.00425,0.00000,1.0287,0.0188,1.0499,0.10147,0.00340
hole_01,0.000,0.000,10,tour,fall,8,3.236,-5.166,20.00,1.38,1.10,ok,0.11538,0.00357,0.11936,2.00400,0.00425,0.00000,1.1261,0.0119,1.1493,0.13267,0.00359
hole_01,0.000,0.000,10,tour,fall,8,3.236,-5.166,20.00,1.38,1.20,ok,0.10938,0.00349,0.14360,2.03425,0.00428,0.00000,1.2238,0.0073,1.2485,0.16292,0.00375
hole_01,0.000,0.000,10,mid,fall,8,3.236,-5.166,20.00,1.38,0.00,ok,0.05650,0.00258,0.03655,1.98007,0.00279,0.00000,0.3895,0.5386,0.5322,0.00536,0.00205
hole_01,0.000,0.000,10,mid,fall,8,3.236,-5.166,20.00,1.38,0.10,ok,0.06463,0.00275,0.03931,1.97471,0.00298,0.00000,0.4422,0.4561,0.5467,0.00000,0.00000
hole_01,0.000,0.000,10,mid,fall,8,3.236,-5.166,20.00,1.38,0.20,ok,0.07000,0.00285,0.04551,1.97553,0.00312,0.00000,0.4899,0.3770,0.5751,0.00082,0.00166
hole_01,0.000,0.000,10,mid,fall,8,3.236,-5.166,20.00,1.38,0.30,ok,0.07225,0.00289,0.05462,1.98240,0.00323,0.00000,0.5408,0.3064,0.6133,0.00769,0.00213
hole_01,0.000,0.000,10,mid,fall,8,3.236,-5.166,20.00,1.38,0.40,ok,0.07412,0.00293,0.06727,1.99320,0.00335,0.00000,0.6011,0.2461,0.6641,0.01849,0.00258
hole_01,0.000,0.000,10,mid,fall,8,3.236,-5.166,20.00,1.38,0.50,ok,0.07612,0.00297,0.08328,2.00722,0.00348,0.00000,0.6621,0.1878,0.7258,0.03251,0.00294
hole_01,0.000,0.000,10,mid,fall,8,3.236,-5.166,20.00,1.38,0.60,ok,0.07450,0.00294,0.10192,2.02752,0.00356,0.00000,0.7274,0.1414,0.7930,0.05281,0.00321
hole_01,0.000,0.000,10,mid,fall,8,3.236,-5.166,20.00,1.38,0.70,ok,0.07175,0.00289,0.12367,2.05206,0.00363,0.00000,0.8000,0.1050,0.8678,0.07735,0.00343
hole_01,0.000,0.000,10,mid,fall,8,3.236,-5.166,20.00,1.38,0.80,ok,0.06713,0.00280,0.14775,2.08081,0.00366,0.00000,0.8790,0.0801,0.9464,0.10610,0.00357
hole_01,0.000,0.000,10,mid,fall,8,3.236,-5.166,20.00,1.38,0.90,ok,0.06400,0.00274,0.17408,2.11031,0.00372,0.00000,0.9598,0.0576,1.0311,0.13560,0.00372
hole_01,0.000,0.000,10,mid,fall,8,3.236,-5.166,20.00,1.38,1.00,ok,0.06100,0.00268,0.20158,2.14087,0.00377,0.00000,1.0447,0.0422,1.1175,0.16617,0.00382
hole_01,0.000,0.000,10,mid,fall,8,3.236,-5.166,20.00,1.38,1.10,ok,0.05800,0.00261,0.23157,2.17395,0.00382,0.00000,1.1380,0.0317,1.2109,0.19924,0.00395
hole_01,0.000,0.000,10,mid,fall,8,3.236,-5.166,20.00,1.38,1.20,ok,0.05350,0.00252,0.26224,2.20921,0.00381,0.00000,1.2308,0.0236,1.3042,0.23450,0.00405
hole_01,0.000,0.000,10,hcp30,fall,8,3.236,-5.166,20.00,1.38,0.00,ok,0.04025,0.00220,0.25993,2.22883,0.00397,0.00000,0.7186,0.5319,0.9094,0.00122,0.00242
hole_01,0.000,0.000,10,hcp30,fall,8,3.236,-5.166,20.00,1.38,0.10,ok,0.04612,0.00235,0.26418,2.22761,0.00414,0.00000,0.8553,0.4946,0.9254,0.00000,0.00000
hole_01,0.000,0.000,10,hcp30,fall,8,3.236,-5.166,20.00,1.38,0.20,ok,0.04800,0.00239,0.27191,2.23416,0.00423,0.00000,0.9134,0.4539,0.9491,0.00656,0.00188
hole_01,0.000,0.000,10,hcp30,fall,8,3.236,-5.166,20.00,1.38,0.30,ok,0.05125,0.00247,0.28052,2.24036,0.00436,0.00000,0.9682,0.4178,0.9773,0.01275,0.00257
hole_01,0.000,0.000,10,hcp30,fall,8,3.236,-5.166,20.00,1.38,0.40,ok,0.05212,0.00249,0.29244,2.25249,0.00445,0.00000,1.0250,0.3810,1.0137,0.02489,0.00311
hole_01,0.000,0.000,10,hcp30,fall,8,3.236,-5.166,20.00,1.38,0.50,ok,0.05125,0.00247,0.30629,2.26854,0.00450,0.00000,1.0826,0.3466,1.0552,0.04094,0.00352
hole_01,0.000,0.000,10,hcp30,fall,8,3.236,-5.166,20.00,1.38,0.60,ok,0.05412,0.00253,0.32129,2.28218,0.00465,0.00000,1.1487,0.3169,1.1057,0.05458,0.00391
hole_01,0.000,0.000,10,hcp30,fall,8,3.236,-5.166,20.00,1.38,0.70,ok,0.05175,0.00248,0.33821,2.30324,0.00468,0.00000,1.2041,0.2834,1.1578,0.07563,0.00420
hole_01,0.000,0.000,10,hcp30,fall,8,3.236,-5.166,20.00,1.38,0.80,ok,0.05162,0.00247,0.35613,2.32326,0.00476,0.00000,1.2707,0.2564,1.2172,0.09565,0.00450
hole_01,0.000,0.000,10,hcp30,fall,8,3.236,-5.166,20.00,1.38,0.90,ok,0.04988,0.00243,0.37541,2.34649,0.00480,0.00000,1.3439,0.2343,1.2804,0.11888,0.00478
hole_01,0.000,0.000,10,hcp30,fall,8,3.236,-5.166,20.00,1.38,1.00,ok,0.04713,0.00237,0.39568,2.37197,0.00481,0.00000,1.4090,0.2082,1.3476,0.14437,0.00495
hole_01,0.000,0.000,10,hcp30,fall,8,3.236,-5.166,20.00,1.38,1.10,ok,0.04763,0.00238,0.41640,2.39492,0.00489,0.00000,1.4837,0.1859,1.4228,0.16732,0.00519
hole_01,0.000,0.000,10,hcp30,fall,8,3.236,-5.166,20.00,1.38,1.20,ok,0.04487,0.00231,0.43795,2.42221,0.00489,0.00000,1.5618,0.1678,1.4990,0.19460,0.00538
hole_01,0.000,0.000,10,tour,fall,9,0.219,-6.092,20.00,1.38,0.00,ok,0.10013,0.00336,0.00512,1.90499,0.00338,0.00000,0.2921,0.5517,0.3961,0.02637,0.00337
hole_01,0.000,0.000,10,tour,fall,9,0.219,-6.092,20.00,1.38,0.10,ok,0.11887,0.00362,0.00589,1.88701,0.00365,0.00000,0.3674,0.4504,0.4076,0.00839,0.00229
hole_01,0.000,0.000,10,tour,fall,9,0.219,-6.092,20.00,1.38,0.20,ok,0.12937,0.00375,0.00800,1.87862,0.00380,0.00000,0.4186,0.3569,0.4361,0.00000,0.00000
hole_01,0.000,0.000,10,tour,fall,9,0.219,-6.092,20.00,1.38,0.30,ok,0.13300,0.00380,0.01197,1.87897,0.00387,0.00000,0.4770,0.2718,0.4821,0.00035,0.00214
hole_01,0.000,0.000,10,tour,fall,9,0.219,-6.092,20.00,1.38,0.40,ok,0.13812,0.00386,0.01777,1.87964,0.00397,0.00000,0.5414,0.2045,0.5403,0.00102,0.00277
hole_01,0.000,0.000,10,tour,fall,9,0.219,-6.092,20.00,1.38,0.50,ok,0.14138,0.00390,0.02607,1.88470,0.00406,0.00000,0.6137,0.1481,0.6122,0.00608,0.00326
hole_01,0.000,0.000,10,tour,fall,9,0.219,-6.092,20.00,1.38,0.60,ok,0.13825,0.00386,0.03633,1.89808,0.00408,0.00000,0.6854,0.1069,0.6862,0.01945,0.00354
hole_01,0.000,0.000,10,tour,fall,9,0.219,-6.092,20.00,1.38,0.70,ok,0.13700,0.00384,0.04929,1.91229,0.00415,0.00000,0.7660,0.0755,0.7704,0.03366,0.00382
hole_01,0.000,0.000,10,tour,fall,9,0.219,-6.092,20.00,1.38,0.80,ok,0.13450,0.00381,0.06591,1.93141,0.00422,0.00000,0.8538,0.0485,0.8653,0.05279,0.00406
hole_01,0.000,0.000,10,tour,fall,9,0.219,-6.092,20.00,1.38,0.90,ok,0.12912,0.00375,0.08314,1.95403,0.00425,0.00000,0.9351,0.0323,0.9514,0.07540,0.00424
hole_01,0.000,0.000,10,tour,fall,9,0.219,-6.092,20.00,1.38,1.00,ok,0.12325,0.00368,0.10385,1.98061,0.00428,0.00000,1.0257,0.0205,1.0459,0.10198,0.00437
hole_01,0.000,0.000,10,tour,fall,9,0.219,-6.092,20.00,1.38,1.10,ok,0.12137,0.00365,0.12442,2.00306,0.00436,0.00000,1.1147,0.0154,1.1353,0.12443,0.00450
hole_01,0.000,0.000,10,tour,fall,9,0.219,-6.092,20.00,1.38,1.20,ok,0.11463,0.00356,0.14930,2.03470,0.00439,0.00000,1.2120,0.0097,1.2347,0.15607,0.00461
hole_01,0.000,0.000,10,mid,fall,9,0.219,-6.092,20.00,1.38,0.00,ok,0.05975,0.00265,0.03501,1.97527,0.00284,0.00000,0.3758,0.5435,0.5291,0.00180,0.00212
hole_01,0.000,0.000,10,mid,fall,9,0.219,-6.092,20.00,1.38,0.10,ok,0.06450,0.00275,0.03796,1.97348,0.00296,0.00000,0.4381,0.4671,0.5395,0.00000,0.00000
hole_01,0.000,0.000,10,mid,fall,9,0.219,-6.092,20.00,1.38,0.20,ok,0.07025,0.00286,0.04437,1.97415,0.00312,0.00000,0.4835,0.3868,0.5650,0.00067,0.00179
hole_01,0.000,0.000,10,mid,fall,9,0.219,-6.092,20.00,1.38,0.30,ok,0.07462,0.00294,0.05420,1.97961,0.00327,0.00000,0.5367,0.3164,0.6031,0.00613,0.00242
hole_01,0.000,0.000,10,mid,fall,9,0.219,-6.092,20.00,1.38,0.40,ok,0.07562,0.00296,0.06754,1.99196,0.00337,0.00000,0.5979,0.2573,0.6516,0.01848,0.00285
hole_01,0.000,0.000,10,mid,fall,9,0.219,-6.092,20.00,1.38,0.50,ok,0.07637,0.00297,0.08482,2.00850,0.00350,0.00000,0.6631,0.2010,0.7127,0.03503,0.00321
hole_01,0.000,0.000,10,mid,fall,9,0.219,-6.092,20.00,1.38,0.60,ok,0.07838,0.00300,0.10370,2.02541,0.00365,0.00000,0.7298,0.1587,0.7777,0.05193,0.00351
hole_01,0.000,0.000,10,mid,fall,9,0.219,-6.092,20.00,1.38,0.70,ok,0.07700,0.00298,0.12621,2.04932,0.00375,0.00000,0.8004,0.1207,0.8509,0.07584,0.00378
hole_01,0.000,0.000,10,mid,fall,9,0.219,-6.092,20.00,1.38,0.80,ok,0.07487,0.00294,0.15249,2.07776,0.00385,0.00000,0.8817,0.0913,0.9337,0.10428,0.00395
hole_01,0.000,0.000,10,mid,fall,9,0.219,-6.092,20.00,1.38,0.90,ok,0.07275,0.00290,0.17774,2.10518,0.00393,0.00000,0.9548,0.0681,1.0118,0.13170,0.00412
hole_01,0.000,0.000,10,mid,fall,9,0.219,-6.092,20.00,1.38,1.00,ok,0.06925,0.00284,0.20636,2.13736,0.00398,0.00000,1.0369,0.0490,1.0985,0.16388,0.00424
hole_01,0.000,0.000,10,mid,fall,9,0.219,-6.092,20.00,1.38,1.10,ok,0.06663,0.00279,0.23410,2.16779,0.00403,0.00000,1.1174,0.0362,1.1824,0.19431,0.00438
hole_01,0.000,0.000,10,mid,fall,9,0.219,-6.092,20.00,1.38,1.20,ok,0.06200,0.00270,0.26587,2.20427,0.00404,0.00000,1.2086,0.0248,1.2771,0.23079,0.00446
hole_01,0.000,0.000,10,hcp30,fall,9,0.219,-6.092,20.00,1.38,0.00,ok,0.04225,0.00225,0.26874,2.23646,0.00410,0.00000,0.7363,0.5333,0.9297,0.00000,0.00000
hole_01,0.000,0.000,10,hcp30,fall,9,0.219,-6.092,20.00,1.38,0.10,ok,0.04487,0.00231,0.27423,2.23970,0.00420,0.00000,0.8838,0.4926,0.9447,0.00324,0.00244
hole_01,0.000,0.000,10,hcp30,fall,9,0.219,-6.092,20.00,1.38,0.20,ok,0.04550,0.00233,0.28310,2.24859,0.00427,0.00000,0.9469,0.4544,0.9685,0.01213,0.00317
hole_01,0.000,0.000,10,hcp30,fall,9,0.219,-6.092,20.00,1.38,0.30,ok,0.04587,0.00234,0.29371,2.25964,0.00434,0.00000,1.0047,0.4191,0.9975,0.02318,0.00362
hole_01,0.000,0.000,10,hcp30,fall,9,0.219,-6.092,20.00,1.38,0.40,ok,0.04813,0.00239,0.30535,2.27003,0.00445,0.00000,1.0567,0.3829,1.0325,0.03358,0.00400
hole_01,0.000,0.000,10,hcp30,fall,9,0.219,-6.092,20.00,1.38,0.50,ok,0.04888,0.00241,0.32023,2.28545,0.00455,0.00000,1.1148,0.3474,1.0764,0.04899,0.00434
hole_01,0.000,0.000,10,hcp30,fall,9,0.219,-6.092,20.00,1.38,0.60,ok,0.04813,0.00239,0.33666,2.30412,0.00461,0.00000,1.1728,0.3148,1.1251,0.06766,0.00460
hole_01,0.000,0.000,10,hcp30,fall,9,0.219,-6.092,20.00,1.38,0.70,ok,0.04825,0.00240,0.35399,2.32304,0.00469,0.00000,1.2299,0.2818,1.1794,0.08659,0.00486
hole_01,0.000,0.000,10,hcp30,fall,9,0.219,-6.092,20.00,1.38,0.80,ok,0.04825,0.00240,0.37400,2.34515,0.00478,0.00000,1.3022,0.2535,1.2439,0.10870,0.00510
hole_01,0.000,0.000,10,hcp30,fall,9,0.219,-6.092,20.00,1.38,0.90,ok,0.04788,0.00239,0.39274,2.36637,0.00484,0.00000,1.3735,0.2329,1.3059,0.12991,0.00530
hole_01,0.000,0.000,10,hcp30,fall,9,0.219,-6.092,20.00,1.38,1.00,ok,0.04713,0.00237,0.41257,2.38936,0.00489,0.00000,1.4466,0.2121,1.3733,0.15290,0.00549
hole_01,0.000,0.000,10,hcp30,fall,9,0.219,-6.092,20.00,1.38,1.10,ok,0.04425,0.00230,0.43194,2.41406,0.00488,0.00000,1.5099,0.1916,1.4381,0.17760,0.00564
hole_01,0.000,0.000,10,hcp30,fall,9,0.219,-6.092,20.00,1.38,1.20,ok,0.04312,0.00227,0.45361,2.43982,0.00491,0.00000,1.5855,0.1711,1.5159,0.20336,0.00581
hole_01,0.000,0.000,10,tour,fall,10,-2.856,-5.385,20.00,1.38,0.00,ok,0.11025,0.00350,0.00472,1.89447,0.00353,0.00000,0.3033,0.5617,0.3920,0.02681,0.00383
hole_01,0.000,0.000,10,tour,fall,10,-2.856,-5.385,20.00,1.38,0.10,ok,0.12512,0.00370,0.00581,1.88069,0.00373,0.00000,0.3707,0.4584,0.4038,0.01303,0.00284
hole_01,0.000,0.000,10,tour,fall,10,-2.856,-5.385,20.00,1.38,0.20,ok,0.13512,0.00382,0.00818,1.87305,0.00387,0.00000,0.4239,0.3699,0.4311,0.00540,0.00202
hole_01,0.000,0.000,10,tour,fall,10,-2.856,-5.385,20.00,1.38,0.30,ok,0.14463,0.00393,0.01228,1.86766,0.00401,0.00000,0.4760,0.2790,0.4757,0.00000,0.00000
hole_01,0.000,0.000,10,tour,fall,10,-2.856,-5.385,20.00,1.38,0.40,ok,0.14975,0.00399,0.01828,1.86853,0.00410,0.00000,0.5369,0.2066,0.5330,0.00087,0.00187
hole_01,0.000,0.000,10,tour,fall,10,-2.856,-5.385,20.00,1.38,0.50,ok,0.15250,0.00402,0.02635,1.87385,0.00418,0.00000,0.6066,0.1506,0.6022,0.00619,0.00254
hole_01,0.000,0.000,10,tour,fall,10,-2.856,-5.385,20.00,1.38,0.60,ok,0.15450,0.00404,0.03658,1.88208,0.00427,0.00000,0.6827,0.1096,0.6793,0.01442,0.00295
hole_01,0.000,0.000,10,tour,fall,10,-2.856,-5.385,20.00,1.38,0.70,ok,0.15300,0.00402,0.05042,1.89742,0.00434,0.00000,0.7660,0.0714,0.7699,0.02976,0.00336
hole_01,0.000,0.000,10,tour,fall,10,-2.856,-5.385,20.00,1.38,0.80,ok,0.14913,0.00398,0.06473,1.91561,0.00439,0.00000,0.8420,0.0479,0.8516,0.04796,0.00358
hole_01,0.000,0.000,10,tour,fall,10,-2.856,-5.385,20.00,1.38,0.90,ok,0.14538,0.00394,0.08236,1.93699,0.00445,0.00000,0.9300,0.0316,0.9437,0.06933,0.00380
hole_01,0.000,0.000,10,tour,fall,10,-2.856,-5.385,20.00,1.38,1.00,ok,0.13987,0.00388,0.10150,1.96163,0.00449,0.00000,1.0161,0.0202,1.0338,0.09397,0.00402
hole_01,0.000,0.000,10,tour,fall,10,-2.856,-5.385,20.00,1.38,1.10,ok,0.13450,0.00381,0.12488,1.99039,0.00455,0.00000,1.1159,0.0123,1.1363,0.12274,0.00420
hole_01,0.000,0.000,10,tour,fall,10,-2.856,-5.385,20.00,1.38,1.20,ok,0.12812,0.00374,0.14853,2.02042,0.00458,0.00000,1.2097,0.0072,1.2321,0.15276,0.00431
hole_01,0.000,0.000,10,mid,fall,10,-2.856,-5.385,20.00,1.38,0.00,ok,0.05900,0.00263,0.03073,1.97174,0.00280,0.00000,0.3790,0.5543,0.5095,0.00468,0.00221
hole_01,0.000,0.000,10,mid,fall,10,-2.856,-5.385,20.00,1.38,0.10,ok,0.06725,0.00280,0.03429,1.96706,0.00299,0.00000,0.4328,0.4661,0.5214,0.00000,0.00000
hole_01,0.000,0.000,10,mid,fall,10,-2.856,-5.385,20.00,1.38,0.20,ok,0.07387,0.00292,0.04103,1.96718,0.00317,0.00000,0.4790,0.3853,0.5470,0.00012,0.00183
hole_01,0.000,0.000,10,mid,fall,10,-2.856,-5.385,20.00,1.38,0.30,ok,0.07612,0.00297,0.05106,1.97496,0.00328,0.00000,0.5294,0.3129,0.5832,0.00791,0.00238
hole_01,0.000,0.000,10,mid,fall,10,-2.856,-5.385,20.00,1.38,0.40,ok,0.08100,0.00305,0.06466,1.98369,0.00346,0.00000,0.5891,0.2495,0.6338,0.01664,0.00286
hole_01,0.000,0.000,10,mid,fall,10,-2.856,-5.385,20.00,1.38,0.50,ok,0.08513,0.00312,0.08100,1.99593,0.00363,0.00000,0.6515,0.1943,0.6934,0.02887,0.00327
hole_01,0.000,0.000,10,mid,fall,10,-2.856,-5.385,20.00,1.38,0.60,ok,0.08325,0.00309,0.10083,2.01765,0.00372,0.00000,0.7184,0.1486,0.7601,0.05059,0.00356
hole_01,0.000,0.000,10,mid,fall,10,-2.856,-5.385,20.00,1.38,0.70,ok,0.08288,0.00308,0.12477,2.04199,0.00385,0.00000,0.7948,0.1093,0.8391,0.07493,0.00385
hole_01,0.000,0.000,10,mid,fall,10,-2.856,-5.385,20.00,1.38,0.80,ok,0.08213,0.00307,0.14789,2.06588,0.00396,0.00000,0.8667,0.0832,0.9134,0.09883,0.00402
hole_01,0.000,0.000,10,mid,fall,10,-2.856,-5.385,20.00,1.38,0.90,ok,0.08000,0.00303,0.17528,2.09544,0.00405,0.00000,0.9475,0.0601,0.9985,0.12838,0.00421
hole_01,0.000,0.000,10,mid,fall,10,-2.856,-5.385,20.00,1.38,1.00,ok,0.07800,0.00300,0.20268,2.12488,0.00414,0.00000,1.0273,0.0437,1.0820,0.15782,0.00436
hole_01,0.000,0.000,10,mid,fall,10,-2.856,-5.385,20.00,1.38,1.10,ok,0.07250,0.00290,0.23549,2.16325,0.00416,0.00000,1.1214,0.0306,1.1785,0.19619,0.00447
hole_01,0.000,0.000,10,mid,fall,10,-2.856,-5.385,20.00,1.38,1.20,ok,0.06800,0.00281,0.26748,2.19980,0.00418,0.00000,1.2139,0.0224,1.2720,0.23275,0.00456
hole_01,0.000,0.000,10,hcp30,fall,10,-2.856,-5.385,20.00,1.38,0.00,ok,0.04713,0.00237,0.25929,2.22123,0.00417,0.00000,0.7347,0.5191,0.9052,0.00000,0.00000
hole_01,0.000,0.000,10,hcp30,fall,10,-2.856,-5.385,20.00,1.38,0.10,ok,0.05075,0.00245,0.26607,2.22468,0.00429,0.00000,0.8433,0.4734,0.9219,0.00345,0.00261
hole_01,0.000,0.000,10,hcp30,fall,10,-2.856,-5.385,20.00,1.38,0.20,ok,0.05375,0.00252,0.27538,2.23148,0.00440,0.00000,0.9091,0.4386,0.9463,0.01024,0.00329
hole_01,0.000,0.000,10,hcp30,fall,10,-2.856,-5.385,20.00,1.38,0.30,ok,0.05600,0.00257,0.28709,2.24163,0.00451,0.00000,0.9705,0.4040,0.9776,0.02039,0.00374
hole_01,0.000,0.000,10,hcp30,fall,10,-2.856,-5.385,20.00,1.38,0.40,ok,0.05688,0.00259,0.30141,2.25600,0.00460,0.00000,1.0322,0.3699,1.0163,0.03477,0.00412
hole_01,0.000,0.000,10,hcp30,fall,10,-2.856,-5.385,20.00,1.38,0.50,ok,0.05613,0.00257,0.31784,2.27433,0.00466,0.00000,1.0934,0.3365,1.0608,0.05309,0.00442
hole_01,0.000,0.000,10,hcp30,fall,10,-2.856,-5.385,20.00,1.38,0.60,ok,0.05488,0.00255,0.33505,2.29411,0.00471,0.00000,1.1564,0.3070,1.1090,0.07288,0.00468
hole_01,0.000,0.000,10,hcp30,fall,10,-2.856,-5.385,20.00,1.38,0.70,ok,0.05600,0.00257,0.35452,2.31408,0.00482,0.00000,1.2282,0.2781,1.1682,0.09285,0.00501
hole_01,0.000,0.000,10,hcp30,fall,10,-2.856,-5.385,20.00,1.38,0.80,ok,0.05725,0.00260,0.37251,2.33248,0.00492,0.00000,1.2948,0.2548,1.2258,0.11125,0.00522
hole_01,0.000,0.000,10,hcp30,fall,10,-2.856,-5.385,20.00,1.38,0.90,ok,0.05713,0.00259,0.39254,2.35461,0.00500,0.00000,1.3665,0.2317,1.2903,0.13338,0.00545
hole_01,0.000,0.000,10,hcp30,fall,10,-2.856,-5.385,20.00,1.38,1.00,ok,0.05763,0.00261,0.41213,2.37577,0.00508,0.00000,1.4361,0.2108,1.3566,0.15453,0.00568
hole_01,0.000,0.000,10,hcp30,fall,10,-2.856,-5.385,20.00,1.38,1.10,ok,0.05538,0.00256,0.43414,2.40255,0.00511,0.00000,1.5166,0.1921,1.4302,0.18132,0.00587
hole_01,0.000,0.000,10,hcp30,fall,10,-2.856,-5.385,20.00,1.38,1.20,ok,0.05437,0.00254,0.45552,2.42757,0.00515,0.00000,1.5917,0.1728,1.5065,0.20634,0.00603
hole_01,0.000,0.000,10,tour,fall,11,-5.166,-3.236,20.00,1.38,0.00,ok,0.12037,0.00364,0.00370,1.88333,0.00366,0.00000,0.3037,0.5605,0.3760,0.03227,0.00348
hole_01,0.000,0.000,10,tour,fall,11,-5.166,-3.236,20.00,1.38,0.10,ok,0.13662,0.00384,0.00490,1.86827,0.00387,0.00000,0.3590,0.4588,0.3881,0.01721,0.00269
hole_01,0.000,0.000,10,tour,fall,11,-5.166,-3.236,20.00,1.38,0.20,ok,0.15188,0.00401,0.00728,1.85540,0.00406,0.00000,0.4101,0.3612,0.4176,0.00434,0.00187
hole_01,0.000,0.000,10,tour,fall,11,-5.166,-3.236,20.00,1.38,0.30,ok,0.16012,0.00410,0.01118,1.85106,0.00417,0.00000,0.4665,0.2758,0.4623,0.00000,0.00000
hole_01,0.000,0.000,10,tour,fall,11,-5.166,-3.236,20.00,1.38,0.40,ok,0.16375,0.00414,0.01700,1.85325,0.00425,0.00000,0.5282,0.2003,0.5210,0.00219,0.00164
hole_01,0.000,0.000,10,tour,fall,11,-5.166,-3.236,20.00,1.38,0.50,ok,0.16600,0.00416,0.02491,1.85891,0.00432,0.00000,0.5957,0.1398,0.5913,0.00785,0.00229
hole_01,0.000,0.000,10,tour,fall,11,-5.166,-3.236,20.00,1.38,0.60,ok,0.16737,0.00417,0.03453,1.86715,0.00440,0.00000,0.6708,0.1025,0.6665,0.01609,0.00267
hole_01,0.000,0.000,10,tour,fall,11,-5.166,-3.236,20.00,1.38,0.70,ok,0.16687,0.00417,0.04764,1.88076,0.00448,0.00000,0.7522,0.0662,0.7550,0.02970,0.00297
hole_01,0.000,0.000,10,tour,fall,11,-5.166,-3.236,20.00,1.38,0.80,ok,0.16200,0.00412,0.06397,1.90197,0.00453,0.00000,0.8412,0.0409,0.8502,0.05091,0.00324
hole_01,0.000,0.000,10,tour,fall,11,-5.166,-3.236,20.00,1.38,0.90,ok,0.15662,0.00406,0.08090,1.92428,0.00457,0.00000,0.9258,0.0276,0.9376,0.07322,0.00345
hole_01,0.000,0.000,10,tour,fall,11,-5.166,-3.236,20.00,1.38,1.00,ok,0.15175,0.00401,0.10100,1.94925,0.00463,0.00000,1.0187,0.0180,1.0328,0.09819,0.00363
hole_01,0.000,0.000,10,tour,fall,11,-5.166,-3.236,20.00,1.38,1.10,ok,0.14575,0.00395,0.12151,1.97577,0.00467,0.00000,1.1050,0.0114,1.1215,0.12471,0.00379
hole_01,0.000,0.000,10,tour,fall,11,-5.166,-3.236,20.00,1.38,1.20,ok,0.13750,0.00385,0.14737,2.00988,0.00470,0.00000,1.2084,0.0070,1.2261,0.15882,0.00398
hole_01,0.000,0.000,10,mid,fall,11,-5.166,-3.236,20.00,1.38,0.00,ok,0.06350,0.00273,0.02567,1.96218,0.00286,0.00000,0.3666,0.5396,0.4915,0.00122,0.00234
hole_01,0.000,0.000,10,mid,fall,11,-5.166,-3.236,20.00,1.38,0.10,ok,0.06838,0.00282,0.02966,1.96129,0.00299,0.00000,0.4174,0.4558,0.5039,0.00033,0.00158
hole_01,0.000,0.000,10,mid,fall,11,-5.166,-3.236,20.00,1.38,0.20,ok,0.07587,0.00296,0.03683,1.96097,0.00318,0.00000,0.4690,0.3779,0.5311,0.00000,0.00000
hole_01,0.000,0.000,10,mid,fall,11,-5.166,-3.236,20.00,1.38,0.30,ok,0.08038,0.00304,0.04726,1.96690,0.00333,0.00000,0.5212,0.3045,0.5696,0.00593,0.00142
hole_01,0.000,0.000,10,mid,fall,11,-5.166,-3.236,20.00,1.38,0.40,ok,0.08425,0.00311,0.06127,1.97705,0.00348,0.00000,0.5803,0.2382,0.6213,0.01608,0.00195
hole_01,0.000,0.000,10,mid,fall,11,-5.166,-3.236,20.00,1.38,0.50,ok,0.08725,0.00316,0.07845,1.99123,0.00364,0.00000,0.6437,0.1816,0.6834,0.03027,0.00244
hole_01,0.000,0.000,10,mid,fall,11,-5.166,-3.236,20.00,1.38,0.60,ok,0.08800,0.00317,0.09798,2.01003,0.00377,0.00000,0.7094,0.1365,0.7509,0.04906,0.00280
hole_01,0.000,0.000,10,mid,fall,11,-5.166,-3.236,20.00,1.38,0.70,ok,0.08775,0.00316,0.12173,2.03405,0.00390,0.00000,0.7834,0.0973,0.8292,0.07308,0.00305
hole_01,0.000,0.000,10,mid,fall,11,-5.166,-3.236,20.00,1.38,0.80,ok,0.08463,0.00311,0.14907,2.06453,0.00399,0.00000,0.8649,0.0676,0.9143,0.10357,0.00324
hole_01,0.000,0.000,10,mid,fall,11,-5.166,-3.236,20.00,1.38,0.90,ok,0.08288,0.00308,0.17551,2.09275,0.00409,0.00000,0.9461,0.0508,0.9961,0.13179,0.00347
hole_01,0.000,0.000,10,mid,fall,11,-5.166,-3.236,20.00,1.38,1.00,ok,0.08000,0.00303,0.20574,2.12589,0.00417,0.00000,1.0360,0.0378,1.0866,0.16493,0.00367
hole_01,0.000,0.000,10,mid,fall,11,-5.166,-3.236,20.00,1.38,1.10,ok,0.07662,0.00297,0.23438,2.15796,0.00422,0.00000,1.1160,0.0265,1.1701,0.19700,0.00380
hole_01,0.000,0.000,10,mid,fall,11,-5.166,-3.236,20.00,1.38,1.20,ok,0.07175,0.00289,0.26858,2.19709,0.00425,0.00000,1.2124,0.0182,1.2681,0.23613,0.00390
hole_01,0.000,0.000,10,hcp30,fall,11,-5.166,-3.236,20.00,1.38,0.00,ok,0.05513,0.00255,0.24639,2.19962,0.00426,0.00000,0.7659,0.5235,0.8883,0.00000,0.00000
hole_01,0.000,0.000,10,hcp30,fall,11,-5.166,-3.236,20.00,1.38,0.10,ok,0.05975,0.00265,0.25272,2.20149,0.00439,0.00000,0.8349,0.4850,0.9032,0.00187,0.00219
hole_01,0.000,0.000,10,hcp30,fall,11,-5.166,-3.236,20.00,1.38,0.20,ok,0.06225,0.00270,0.26220,2.20886,0.00450,0.00000,0.8913,0.4467,0.9261,0.00924,0.00289
hole_01,0.000,0.000,10,hcp30,fall,11,-5.166,-3.236,20.00,1.38,0.30,ok,0.06263,0.00271,0.27430,2.22118,0.00457,0.00000,0.9520,0.4123,0.9554,0.02156,0.00344
hole_01,0.000,0.000,10,hcp30,fall,11,-5.166,-3.236,20.00,1.38,0.40,ok,0.06475,0.00275,0.28846,2.23400,0.00469,0.00000,1.0142,0.3782,0.9929,0.03438,0.00386
hole_01,0.000,0.000,10,hcp30,fall,11,-5.166,-3.236,20.00,1.38,0.50,ok,0.06500,0.00276,0.30421,2.25047,0.00478,0.00000,1.0731,0.3451,1.0347,0.05085,0.00427
hole_01,0.000,0.000,10,hcp30,fall,11,-5.166,-3.236,20.00,1.38,0.60,ok,0.06450,0.00275,0.32059,2.26844,0.00485,0.00000,1.1309,0.3155,1.0792,0.06882,0.00457
hole_01,0.000,0.000,10,hcp30,fall,11,-5.166,-3.236,20.00,1.38,0.70,ok,0.06513,0.00276,0.33948,2.28810,0.00496,0.00000,1.1994,0.2865,1.1344,0.08848,0.00490
hole_01,0.000,0.000,10,hcp30,fall,11,-5.166,-3.236,20.00,1.38,0.80,ok,0.06475,0.00275,0.36063,2.31130,0.00504,0.00000,1.2704,0.2573,1.1973,0.11168,0.00521
hole_01,0.000,0.000,10,hcp30,fall,11,-5.166,-3.236,20.00,1.38,0.90,ok,0.06275,0.00271,0.38064,2.33502,0.00508,0.00000,1.3376,0.2343,1.2576,0.13540,0.00545
hole_01,0.000,0.000,10,hcp30,fall,11,-5.166,-3.236,20.00,1.38,1.00,ok,0.06175,0.00269,0.40171,2.35908,0.00514,0.00000,1.4121,0.2128,1.3260,0.15946,0.00566
hole_01,0.000,0.000,10,hcp30,fall,11,-5.166,-3.236,20.00,1.38,1.10,ok,0.06062,0.00267,0.42085,2.38133,0.00519,0.00000,1.4755,0.1919,1.3910,0.18171,0.00584
hole_01,0.000,0.000,10,hcp30,fall,11,-5.166,-3.236,20.00,1.38,1.20,ok,0.06000,0.00266,0.44268,2.40625,0.00525,0.00000,1.5556,0.1722,1.4700,0.20664,0.00602
hole_01,0.000,0.000,10,tour,fall,12,-6.092,-0.219,20.00,1.38,0.00,ok,0.11875,0.00362,0.00341,1.88466,0.00363,0.00000,0.3138,0.5560,0.3761,0.02747,0.00298
hole_01,0.000,0.000,10,tour,fall,12,-6.092,-0.219,20.00,1.38,0.10,ok,0.13237,0.00379,0.00458,1.87221,0.00381,0.00000,0.3604,0.4586,0.3866,0.01502,0.00248
hole_01,0.000,0.000,10,tour,fall,12,-6.092,-0.219,20.00,1.38,0.20,ok,0.14338,0.00392,0.00702,1.86365,0.00396,0.00000,0.4085,0.3591,0.4147,0.00646,0.00182
hole_01,0.000,0.000,10,tour,fall,12,-6.092,-0.219,20.00,1.38,0.30,ok,0.15388,0.00403,0.01107,1.85719,0.00410,0.00000,0.4648,0.2705,0.4606,0.00000,0.00000
hole_01,0.000,0.000,10,tour,fall,12,-6.092,-0.219,20.00,1.38,0.40,ok,0.15975,0.00410,0.01699,1.85724,0.00420,0.00000,0.5275,0.1949,0.5206,0.00005,0.00171
hole_01,0.000,0.000,10,tour,fall,12,-6.092,-0.219,20.00,1.38,0.50,ok,0.16000,0.00410,0.02512,1.86512,0.00426,0.00000,0.5966,0.1363,0.5910,0.00793,0.00226
hole_01,0.000,0.000,10,tour,fall,12,-6.092,-0.219,20.00,1.38,0.60,ok,0.16037,0.00410,0.03567,1.87529,0.00433,0.00000,0.6743,0.0938,0.6716,0.01810,0.00264
hole_01,0.000,0.000,10,tour,fall,12,-6.092,-0.219,20.00,1.38,0.70,ok,0.15937,0.00409,0.04813,1.88875,0.00440,0.00000,0.7518,0.0628,0.7541,0.03156,0.00285
hole_01,0.000,0.000,10,tour,fall,12,-6.092,-0.219,20.00,1.38,0.80,ok,0.15575,0.00405,0.06347,1.90772,0.00445,0.00000,0.8392,0.0434,0.8437,0.05053,0.00308
hole_01,0.000,0.000,10,tour,fall,12,-6.092,-0.219,20.00,1.38,0.90,ok,0.15375,0.00403,0.08144,1.92769,0.00454,0.00000,0.9282,0.0256,0.9392,0.07050,0.00329
hole_01,0.000,0.000,10,tour,fall,12,-6.092,-0.219,20.00,1.38,1.00,ok,0.14913,0.00398,0.10223,1.95310,0.00460,0.00000,1.0242,0.0159,1.0379,0.09591,0.00348
hole_01,0.000,0.000,10,tour,fall,12,-6.092,-0.219,20.00,1.38,1.10,ok,0.14338,0.00392,0.12450,1.98113,0.00465,0.00000,1.1206,0.0107,1.1352,0.12394,0.00364
hole_01,0.000,0.000,10,tour,fall,12,-6.092,-0.219,20.00,1.38,1.20,ok,0.13587,0.00383,0.14939,2.01352,0.00468,0.00000,1.2188,0.0061,1.2353,0.15633,0.00380
hole_01,0.000,0.000,10,mid,fall,12,-6.092,-0.219,20.00,1.38,0.00,ok,0.06388,0.00273,0.02484,1.96097,0.00286,0.00000,0.3684,0.5313,0.4859,0.00208,0.00193
hole_01,0.000,0.000,10,mid,fall,12,-6.092,-0.219,20.00,1.38,0.10,ok,0.06975,0.00285,0.02914,1.95940,0.00301,0.00000,0.4116,0.4422,0.5000,0.00050,0.00135
hole_01,0.000,0.000,10,mid,fall,12,-6.092,-0.219,20.00,1.38,0.20,ok,0.07762,0.00299,0.03651,1.95889,0.00320,0.00000,0.4635,0.3628,0.5290,0.00000,0.00000
hole_01,0.000,0.000,10,mid,fall,12,-6.092,-0.219,20.00,1.38,0.30,ok,0.08100,0.00305,0.04718,1.96619,0.00333,0.00000,0.5159,0.2856,0.5702,0.00730,0.00133
hole_01,0.000,0.000,10,mid,fall,12,-6.092,-0.219,20.00,1.38,0.40,ok,0.08438,0.00311,0.06143,1.97707,0.00348,0.00000,0.5771,0.2199,0.6249,0.01818,0.00193
hole_01,0.000,0.000,10,mid,fall,12,-6.092,-0.219,20.00,1.38,0.50,ok,0.08650,0.00314,0.07897,1.99249,0.00363,0.00000,0.6455,0.1687,0.6887,0.03360,0.00227
hole_01,0.000,0.000,10,mid,fall,12,-6.092,-0.219,20.00,1.38,0.60,ok,0.08650,0.00314,0.09969,2.01322,0.00375,0.00000,0.7168,0.1262,0.7601,0.05433,0.00255
hole_01,0.000,0.000,10,mid,fall,12,-6.092,-0.219,20.00,1.38,0.70,ok,0.08563,0.00313,0.12236,2.03678,0.00386,0.00000,0.7900,0.0935,0.8352,0.07789,0.00279
hole_01,0.000,0.000,10,mid,fall,12,-6.092,-0.219,20.00,1.38,0.80,ok,0.08338,0.00309,0.14836,2.06505,0.00395,0.00000,0.8708,0.0693,0.9172,0.10616,0.00300
hole_01,0.000,0.000,10,mid,fall,12,-6.092,-0.219,20.00,1.38,0.90,ok,0.08188,0.00307,0.17706,2.09528,0.00406,0.00000,0.9562,0.0498,1.0052,0.13639,0.00321
hole_01,0.000,0.000,10,mid,fall,12,-6.092,-0.219,20.00,1.38,1.00,ok,0.07938,0.00302,0.20824,2.12899,0.00415,0.00000,1.0455,0.0341,1.0981,0.17010,0.00342
hole_01,0.000,0.000,10,mid,fall,12,-6.092,-0.219,20.00,1.38,1.10,ok,0.07712,0.00298,0.24002,2.16306,0.00423,0.00000,1.1360,0.0232,1.1914,0.20417,0.00358
hole_01,0.000,0.000,10,mid,fall,12,-6.092,-0.219,20.00,1.38,1.20,ok,0.07375,0.00292,0.27371,2.20018,0.00428,0.00000,1.2308,0.0146,1.2890,0.24129,0.00375
hole_01,0.000,0.000,10,hcp30,fall,12,-6.092,-0.219,20.00,1.38,0.00,ok,0.05212,0.00249,0.23877,2.19447,0.00413,0.00000,0.7919,0.5249,0.8765,0.00000,0.00000
hole_01,0.000,0.000,10,hcp30,fall,12,-6.092,-0.219,20.00,1.38,0.10,ok,0.05563,0.00256,0.24664,2.19911,0.00426,0.00000,0.8405,0.4822,0.8936,0.00464,0.00130
hole_01,0.000,0.000,10,hcp30,fall,12,-6.092,-0.219,20.00,1.38,0.20,ok,0.05775,0.00261,0.25734,2.20816,0.00437,0.00000,0.8968,0.4435,0.9182,0.01369,0.00194
hole_01,0.000,0.000,10,hcp30,fall,12,-6.092,-0.219,20.00,1.38,0.30,ok,0.05950,0.00264,0.26990,2.21962,0.00448,0.00000,0.9579,0.4099,0.9486,0.02515,0.00240
hole_01,0.000,0.000,10,hcp30,fall,12,-6.092,-0.219,20.00,1.38,0.40,ok,0.06075,0.00267,0.28427,2.23357,0.00459,0.00000,1.0108,0.3717,0.9855,0.03910,0.00283
hole_01,0.000,0.000,10,hcp30,fall,12,-6.092,-0.219,20.00,1.38,0.50,ok,0.06162,0.00269,0.30051,2.24998,0.00470,0.00000,1.0672,0.3353,1.0294,0.05551,0.00326
hole_01,0.000,0.000,10,hcp30,fall,12,-6.092,-0.219,20.00,1.38,0.60,ok,0.06225,0.00270,0.31837,2.26846,0.00481,0.00000,1.1295,0.3030,1.0797,0.07399,0.00367
hole_01,0.000,0.000,10,hcp30,fall,12,-6.092,-0.219,20.00,1.38,0.70,ok,0.06050,0.00267,0.33720,2.29044,0.00486,0.00000,1.1901,0.2733,1.1325,0.09597,0.00404
hole_01,0.000,0.000,10,hcp30,fall,12,-6.092,-0.219,20.00,1.38,0.80,ok,0.06050,0.00267,0.35642,2.31124,0.00495,0.00000,1.2586,0.2487,1.1906,0.11677,0.00435
hole_01,0.000,0.000,10,hcp30,fall,12,-6.092,-0.219,20.00,1.38,0.90,ok,0.05962,0.00265,0.37774,2.33530,0.00502,0.00000,1.3286,0.2227,1.2567,0.14083,0.00469
hole_01,0.000,0.000,10,hcp30,fall,12,-6.092,-0.219,20.00,1.38,1.00,ok,0.05875,0.00263,0.40022,2.36076,0.00508,0.00000,1.4035,0.1991,1.3290,0.16629,0.00503
hole_01,0.000,0.000,10,hcp30,fall,12,-6.092,-0.219,20.00,1.38,1.10,ok,0.05663,0.00258,0.42203,2.38691,0.00510,0.00000,1.4748,0.1781,1.4000,0.19244,0.00526
hole_01,0.000,0.000,10,hcp30,fall,12,-6.092,-0.219,20.00,1.38,1.20,ok,0.05412,0.00253,0.44469,2.41458,0.00511,0.00000,1.5548,0.1608,1.4769,0.22011,0.00549
