stimp,skill,slope_pct,clock,length_ft,rollout_m,n_trials,n_holed,n_runaway,n_off_green,n_miss,n_kept,axis_x,axis_y
10,tour,0,12,10,0.30,8000,3203,0,0,4797,1508,1.0000,0.0000
10,tour,1,3,10,0.30,8000,3087,0,0,4913,1513,0.1059,-0.9944
10,tour,1,6,10,0.30,8000,2939,0,0,5061,1503,-1.0000,0.0000
10,tour,1,12,10,0.30,8000,3413,0,0,4587,1511,1.0000,0.0000
10,tour,2,3,10,0.40,8000,2954,0,0,5046,1508,0.1916,-0.9815
10,tour,2,6,10,0.30,8000,2876,0,0,5124,1511,-1.0000,0.0000
10,tour,2,12,10,0.30,8000,3637,0,0,4363,1508,1.0000,0.0000
10,tour,3,3,10,0.40,8000,2776,0,0,5224,1510,0.3045,-0.9525
10,tour,3,6,10,0.30,8000,2860,0,0,5140,1508,-1.0000,0.0000
10,tour,3,12,10,0.40,8000,3997,0,0,4003,1506,1.0000,0.0000
10,tour,4,3,10,0.40,8000,2475,0,0,5525,1513,0.4519,-0.8920
10,tour,4,6,10,0.30,8000,2696,0,0,5304,1510,-1.0000,0.0000
10,tour,4,12,10,0.30,8000,4580,0,0,3420,1509,1.0000,0.0000
10,tour,5,3,10,0.50,8000,2190,0,0,5810,1510,0.5931,-0.8051
10,tour,5,6,10,0.30,8000,2510,0,0,5490,1510,-1.0000,0.0000
10,tour,5,12,10,0.30,8000,5384,0,0,2616,1507,1.0000,0.0000
10,tour,0,12,15,0.40,8000,1921,0,0,6079,1508,1.0000,0.0000
10,tour,1,3,15,0.40,8000,1820,0,0,6180,1511,0.1122,-0.9937
10,tour,1,6,15,0.40,8000,1764,0,0,6236,1512,-1.0000,0.0000
10,tour,1,12,15,0.30,8000,1982,0,0,6018,1514,1.0000,0.0000
10,tour,2,3,15,0.40,8000,1775,0,0,6225,1512,0.2319,-0.9727
10,tour,2,6,15,0.40,8000,1662,0,0,6338,1513,-1.0000,0.0000
10,tour,2,12,15,0.40,8000,2267,0,0,5733,1510,1.0000,0.0000
10,tour,3,3,15,0.50,8000,1679,0,0,6321,1509,0.3346,-0.9424
10,tour,3,6,15,0.40,8000,1586,0,0,6414,1513,-1.0000,0.0000
10,tour,3,12,15,0.40,8000,2577,0,0,5423,1508,1.0000,0.0000
10,tour,4,3,15,0.40,8000,1473,0,0,6527,1512,0.5433,-0.8395
10,tour,4,6,15,0.40,8000,1563,0,0,6437,1515,-1.0000,0.0000
10,tour,4,12,15,0.40,8000,2919,0,0,5081,1506,1.0000,0.0000
10,tour,5,3,15,0.40,8000,1309,0,0,6691,1510,0.7667,-0.6420
10,tour,5,6,15,0.40,8000,1417,0,0,6583,1512,-1.0000,0.0000
10,tour,5,12,15,0.40,8000,3555,0,0,4445,1505,1.0000,0.0000
10,tour,0,12,20,0.30,8000,1188,0,0,6812,1508,1.0000,0.0000
10,tour,1,3,20,0.30,8000,1180,0,0,6820,1511,0.1423,-0.9898
10,tour,1,6,20,0.30,8000,1072,0,0,6928,1513,-1.0000,0.0000
10,tour,1,12,20,0.40,8000,1289,0,0,6711,1509,1.0000,0.0000
10,tour,2,3,20,0.30,8000,1130,0,0,6870,1512,0.2938,-0.9559
10,tour,2,6,20,0.40,8000,1099,0,0,6901,1511,-1.0000,0.0000
10,tour,2,12,20,0.40,8000,1420,0,0,6580,1510,1.0000,0.0000
10,tour,3,3,20,0.30,8000,1027,0,0,6973,1511,0.4658,-0.8849
10,tour,3,6,20,0.40,8000,1004,0,0,6996,1511,-1.0000,0.0000
10,tour,3,12,20,0.40,8000,1629,0,0,6371,1507,1.0000,0.0000
10,tour,4,3,20,0.30,8000,924,0,0,7076,1507,0.6686,-0.7437
10,tour,4,6,20,0.30,8000,936,0,0,7064,1509,-1.0000,0.0000
10,tour,4,12,20,0.40,8000,1937,0,0,6063,1510,1.0000,0.0000
10,tour,5,3,20,0.30,8000,792,0,0,7208,1511,0.8828,-0.4698
10,tour,5,6,20,0.40,8000,890,0,0,7110,1510,-1.0000,0.0000
10,tour,5,12,20,0.50,8000,2429,0,0,5571,1515,1.0000,0.0000
10,scratch,0,12,10,0.30,8000,2777,0,0,5223,1510,1.0000,0.0000
10,scratch,1,3,10,0.30,8000,2707,0,0,5293,1510,0.1059,-0.9944
10,scratch,1,6,10,0.30,8000,2522,0,0,5478,1506,-1.0000,0.0000
10,scratch,1,12,10,0.30,8000,2986,0,0,5014,1512,1.0000,0.0000
10,scratch,2,3,10,0.30,8000,2578,0,0,5422,1508,0.2190,-0.9757
10,scratch,2,6,10,0.30,8000,2503,0,0,5497,1513,-1.0000,0.0000
10,scratch,2,12,10,0.30,8000,3177,0,0,4823,1508,1.0000,0.0000
10,scratch,3,3,10,0.30,8000,2450,0,0,5550,1510,0.3510,-0.9364
10,scratch,3,6,10,0.30,8000,2460,0,0,5540,1512,-1.0000,0.0000
10,scratch,3,12,10,0.30,8000,3467,0,0,4533,1510,1.0000,0.0000
10,scratch,4,3,10,0.40,8000,2241,0,0,5759,1510,0.4519,-0.8920
10,scratch,4,6,10,0.30,8000,2329,0,0,5671,1511,-1.0000,0.0000
10,scratch,4,12,10,0.30,8000,4055,0,0,3945,1506,1.0000,0.0000
10,scratch,5,3,10,0.40,8000,1954,0,0,6046,1514,0.6577,-0.7533
10,scratch,5,6,10,0.30,8000,2185,0,0,5815,1508,-1.0000,0.0000
10,scratch,5,12,10,0.30,8000,4766,0,0,3234,1508,1.0000,0.0000
10,scratch,0,12,15,0.30,8000,1533,0,0,6467,1511,1.0000,0.0000
10,scratch,1,3,15,0.30,8000,1475,0,0,6525,1512,0.1270,-0.9919
10,scratch,1,6,15,0.40,8000,1455,0,0,6545,1513,-1.0000,0.0000
10,scratch,1,12,15,0.40,8000,1675,0,0,6325,1514,1.0000,0.0000
10,scratch,2,3,15,0.30,8000,1416,0,0,6584,1512,0.2625,-0.9649
10,scratch,2,6,15,0.40,8000,1375,0,0,6625,1514,-1.0000,0.0000
10,scratch,2,12,15,0.30,8000,1805,0,0,6195,1511,1.0000,0.0000
10,scratch,3,3,15,0.40,8000,1407,0,0,6593,1511,0.3700,-0.9290
10,scratch,3,6,15,0.40,8000,1281,0,0,6719,1513,-1.0000,0.0000
10,scratch,3,12,15,0.30,8000,2016,0,0,5984,1510,1.0000,0.0000
10,scratch,4,3,15,0.30,8000,1249,0,0,6751,1510,0.6073,-0.7945
10,scratch,4,6,15,0.40,8000,1274,0,0,6726,1513,-1.0000,0.0000
10,scratch,4,12,15,0.40,8000,2403,0,0,5597,1508,1.0000,0.0000
10,scratch,5,3,15,0.30,8000,1168,0,0,6832,1509,0.8313,-0.5558
10,scratch,5,6,15,0.30,8000,1157,0,0,6843,1512,-1.0000,0.0000
10,scratch,5,12,15,0.40,8000,2950,0,0,5050,1507,1.0000,0.0000
10,scratch,0,12,20,0.20,8000,887,0,0,7113,1509,1.0000,0.0000
10,scratch,1,3,20,0.30,8000,929,0,0,7071,1509,0.1423,-0.9898
10,scratch,1,6,20,0.30,8000,843,0,0,7157,1510,-1.0000,0.0000
10,scratch,1,12,20,0.20,8000,883,0,0,7117,1511,1.0000,0.0000
10,scratch,2,3,20,0.30,8000,887,0,0,7113,1511,0.2938,-0.9559
10,scratch,2,6,20,0.30,8000,829,0,0,7171,1513,-1.0000,0.0000
10,scratch,2,12,20,0.20,8000,974,0,0,7026,1513,1.0000,0.0000
10,scratch,3,3,20,0.30,8000,854,0,0,7146,1510,0.4658,-0.8849
10,scratch,3,6,20,0.30,8000,754,0,0,7246,1510,-1.0000,0.0000
10,scratch,3,12,20,0.30,8000,1205,0,0,6795,1510,1.0000,0.0000
10,scratch,4,3,20,0.30,8000,786,0,0,7214,1512,0.6686,-0.7437
10,scratch,4,6,20,0.30,8000,713,0,0,7287,1512,-1.0000,0.0000
10,scratch,4,12,20,0.30,8000,1455,0,0,6545,1510,1.0000,0.0000
10,scratch,5,3,20,0.20,8000,636,0,0,7364,1514,0.9336,-0.3584
10,scratch,5,6,20,0.30,8000,673,0,0,7327,1511,-1.0000,0.0000
10,scratch,5,12,20,0.30,8000,1779,0,0,6221,1513,1.0000,0.0000
10,mid,0,12,10,0.30,8000,2132,0,0,5868,1512,1.0000,0.0000
10,mid,1,3,10,0.30,8000,2067,0,0,5933,1511,0.1059,-0.9944
10,mid,1,6,10,0.30,8000,1926,0,0,6074,1508,-1.0000,0.0000
10,mid,1,12,10,0.30,8000,2279,0,0,5721,1513,1.0000,0.0000
10,mid,2,3,10,0.30,8000,2022,0,0,5978,1506,0.2190,-0.9757
10,mid,2,6,10,0.30,8000,1914,0,0,6086,1512,-1.0000,0.0000
10,mid,2,12,10,0.30,8000,2413,0,0,5587,1508,1.0000,0.0000
10,mid,3,3,10,0.30,8000,1980,0,0,6020,1510,0.3510,-0.9364
10,mid,3,6,10,0.30,8000,1874,0,0,6126,1511,-1.0000,0.0000
10,mid,3,12,10,0.30,8000,2683,0,0,5317,1506,1.0000,0.0000
10,mid,4,3,10,0.30,8000,1831,0,0,6169,1513,0.5160,-0.8566
10,mid,4,6,10,0.30,8000,1756,0,0,6244,1513,-1.0000,0.0000
10,mid,4,12,10,0.30,8000,3140,0,0,4860,1510,1.0000,0.0000
10,mid,5,3,10,0.30,8000,1653,0,0,6347,1516,0.7368,-0.6761
10,mid,5,6,10,0.30,8000,1643,0,0,6357,1507,-1.0000,0.0000
10,mid,5,12,10,0.30,8000,3787,0,0,4213,1508,1.0000,0.0000
10,mid,0,12,15,0.30,8000,1071,0,0,6929,1511,1.0000,0.0000
10,mid,1,3,15,0.30,8000,1034,0,0,6966,1514,0.1270,-0.9919
10,mid,1,6,15,0.20,8000,959,0,0,7041,1515,-1.0000,0.0000
10,mid,1,12,15,0.30,8000,1154,0,0,6846,1514,1.0000,0.0000
10,mid,2,3,15,0.20,8000,972,0,0,7028,1511,0.3115,-0.9503
10,mid,2,6,15,0.30,8000,938,0,0,7062,1511,-1.0000,0.0000
10,mid,2,12,15,0.20,8000,1190,0,0,6810,1513,1.0000,0.0000
10,mid,3,3,15,0.20,8000,962,0,0,7038,1510,0.4853,-0.8743
10,mid,3,6,15,0.30,8000,869,0,0,7131,1513,-1.0000,0.0000
10,mid,3,12,15,0.30,8000,1393,0,0,6607,1511,1.0000,0.0000
10,mid,4,3,15,0.20,8000,926,0,0,7074,1508,0.6884,-0.7253
10,mid,4,6,15,0.20,8000,840,0,0,7160,1512,-1.0000,0.0000
10,mid,4,12,15,0.20,8000,1538,0,0,6462,1507,1.0000,0.0000
10,mid,5,3,15,0.20,8000,887,0,0,7113,1508,0.9004,-0.4351
10,mid,5,6,15,0.30,8000,818,0,0,7182,1514,-1.0000,0.0000
10,mid,5,12,15,0.30,8000,2073,0,0,5927,1507,1.0000,0.0000
10,mid,0,12,20,0.10,8000,549,0,0,7451,1507,1.0000,0.0000
10,mid,1,3,20,0.10,8000,523,0,0,7477,1509,0.2051,-0.9787
10,mid,1,6,20,0.10,8000,512,0,0,7488,1512,-1.0000,0.0000
10,mid,1,12,20,0.10,8000,528,0,0,7472,1509,1.0000,0.0000
10,mid,2,3,20,0.20,8000,574,0,0,7426,1512,0.3393,-0.9407
10,mid,2,6,20,0.20,8000,514,0,0,7486,1508,-1.0000,0.0000
10,mid,2,12,20,0.10,8000,587,0,0,7413,1511,1.0000,0.0000
10,mid,3,3,20,0.20,8000,584,0,0,7416,1508,0.5336,-0.8457
10,mid,3,6,20,0.10,8000,455,0,0,7545,1508,-1.0000,0.0000
10,mid,3,12,20,0.10,8000,731,0,0,7269,1507,1.0000,0.0000
10,mid,4,3,20,0.20,8000,574,0,0,7426,1510,0.7473,-0.6645
10,mid,4,6,20,0.20,8000,414,0,0,7586,1513,-1.0000,0.0000
10,mid,4,12,20,0.20,8000,917,0,0,7083,1513,1.0000,0.0000
10,mid,5,3,20,0.10,8000,464,0,0,7536,1512,0.9778,-0.2094
10,mid,5,6,20,0.20,8000,432,0,0,7568,1511,-1.0000,0.0000
10,mid,5,12,20,0.10,8000,1050,0,0,6950,1511,1.0000,0.0000
10,high,0,12,10,0.30,8000,1654,0,0,6346,1513,1.0000,0.0000
10,high,1,3,10,0.20,8000,1578,0,0,6422,1512,0.1249,-0.9922
10,high,1,6,10,0.30,8000,1535,0,0,6465,1510,-1.0000,0.0000
10,high,1,12,10,0.20,8000,1727,0,0,6273,1513,1.0000,0.0000
10,high,2,3,10,0.20,8000,1554,0,0,6446,1508,0.2624,-0.9649
10,high,2,6,10,0.20,8000,1427,0,0,6573,1511,-1.0000,0.0000
10,high,2,12,10,0.30,8000,1904,0,0,6096,1511,1.0000,0.0000
10,high,3,3,10,0.30,8000,1619,0,0,6381,1512,0.3510,-0.9364
10,high,3,6,10,0.20,8000,1416,0,0,6584,1512,-1.0000,0.0000
10,high,3,12,10,0.30,8000,2133,0,0,5867,1507,1.0000,0.0000
10,high,4,3,10,0.30,8000,1544,0,0,6456,1511,0.5160,-0.8566
10,high,4,6,10,0.30,8000,1384,0,0,6616,1510,-1.0000,0.0000
10,high,4,12,10,0.30,8000,2506,0,0,5494,1511,1.0000,0.0000
10,high,5,3,10,0.30,8000,1469,0,0,6531,1515,0.7368,-0.6761
10,high,5,6,10,0.30,8000,1278,0,0,6722,1509,-1.0000,0.0000
10,high,5,12,10,0.30,8000,3071,0,0,4929,1506,1.0000,0.0000
10,high,0,12,15,0.20,8000,763,0,0,7237,1511,1.0000,0.0000
10,high,1,3,15,0.10,8000,669,0,0,7331,1513,0.1840,-0.9829
10,high,1,6,15,0.10,8000,683,0,0,7317,1511,-1.0000,0.0000
10,high,1,12,15,0.20,8000,820,0,0,7180,1512,1.0000,0.0000
10,high,2,3,15,0.10,8000,686,0,0,7314,1512,0.3853,-0.9228
10,high,2,6,15,0.20,8000,640,0,0,7360,1513,-1.0000,0.0000
10,high,2,12,15,0.10,8000,845,0,0,7155,1510,1.0000,0.0000
10,high,3,3,15,0.10,8000,671,0,0,7329,1511,0.5955,-0.8034
10,high,3,6,15,0.20,8000,629,0,0,7371,1513,-1.0000,0.0000
10,high,3,12,15,0.10,8000,900,0,0,7100,1512,1.0000,0.0000
10,high,4,3,15,0.20,8000,759,0,0,7241,1512,0.6884,-0.7253
10,high,4,6,15,0.20,8000,628,0,0,7372,1511,-1.0000,0.0000
10,high,4,12,15,0.10,8000,1083,0,0,6917,1509,1.0000,0.0000
10,high,5,3,15,0.20,8000,726,0,0,7274,1508,0.9004,-0.4351
10,high,5,6,15,0.20,8000,574,0,0,7426,1511,-1.0000,0.0000
10,high,5,12,15,0.20,8000,1490,0,0,6510,1509,1.0000,0.0000
10,high,0,12,20,0.00,8000,388,0,0,7612,1507,1.0000,0.0000
10,high,1,3,20,0.00,8000,341,0,0,7659,1508,0.4222,-0.9065
10,high,1,6,20,0.00,8000,350,0,0,7650,1512,-1.0000,0.0000
10,high,1,12,20,0.00,8000,364,0,0,7636,1510,1.0000,0.0000
10,high,2,3,20,0.10,8000,391,0,0,7609,1511,0.4184,-0.9083
10,high,2,6,20,0.10,8000,338,0,0,7662,1510,-1.0000,0.0000
10,high,2,12,20,0.00,8000,377,0,0,7623,1512,1.0000,0.0000
10,high,3,3,20,0.00,8000,357,0,0,7643,1509,0.9354,-0.3537
10,high,3,6,20,0.10,8000,326,0,0,7674,1511,-1.0000,0.0000
10,high,3,12,20,0.00,8000,483,0,0,7517,1510,1.0000,0.0000
10,high,4,3,20,0.00,8000,369,0,0,7631,1509,0.9909,-0.1347
10,high,4,6,20,0.10,8000,282,0,0,7718,1510,-1.0000,0.0000
10,high,4,12,20,0.00,8000,540,0,0,7460,1511,1.0000,0.0000
10,high,5,3,20,0.00,8000,361,0,0,7639,1512,0.9998,-0.0194
10,high,5,6,20,0.10,8000,298,0,0,7702,1508,-1.0000,0.0000
10,high,5,12,20,0.00,8000,700,0,0,7300,1514,1.0000,0.0000
10,hcp30,0,12,10,0.20,8000,1274,0,0,6726,1510,1.0000,0.0000
10,hcp30,1,3,10,0.10,8000,1138,0,0,6862,1513,0.1630,-0.9866
10,hcp30,1,6,10,0.20,8000,1174,0,0,6826,1509,-1.0000,0.0000
10,hcp30,1,12,10,0.10,8000,1310,0,0,6690,1511,1.0000,0.0000
10,hcp30,2,3,10,0.20,8000,1205,0,0,6795,1506,0.2624,-0.9649
10,hcp30,2,6,10,0.10,8000,1059,0,0,6941,1512,-1.0000,0.0000
10,hcp30,2,12,10,0.20,8000,1453,0,0,6547,1509,1.0000,0.0000
10,hcp30,3,3,10,0.20,8000,1062,0,0,6938,1511,0.4176,-0.9086
10,hcp30,3,6,10,0.20,8000,1141,0,0,6859,1510,-1.0000,0.0000
10,hcp30,3,12,10,0.20,8000,1646,0,0,6354,1508,1.0000,0.0000
10,hcp30,4,3,10,0.20,8000,881,0,0,7119,1508,0.6105,-0.7920
10,hcp30,4,6,10,0.20,8000,1027,0,0,6973,1507,-1.0000,0.0000
10,hcp30,4,12,10,0.20,8000,1964,0,0,6036,1508,1.0000,0.0000
10,hcp30,5,3,10,0.20,8000,742,0,0,7258,1511,0.8312,-0.5559
10,hcp30,5,6,10,0.10,8000,900,0,0,7100,1511,-1.0000,0.0000
10,hcp30,5,12,10,0.30,8000,2510,0,0,5490,1508,1.0000,0.0000
10,hcp30,0,12,15,0.10,8000,658,0,0,7342,1510,1.0000,0.0000
10,hcp30,1,3,15,0.10,8000,612,0,0,7388,1512,0.1840,-0.9829
10,hcp30,1,6,15,0.10,8000,645,0,0,7355,1511,-1.0000,0.0000
10,hcp30,1,12,15,0.00,8000,669,0,0,7331,1518,1.0000,0.0000
10,hcp30,2,3,15,0.10,8000,596,0,0,7404,1509,0.3853,-0.9228
10,hcp30,2,6,15,0.00,8000,521,0,0,7479,1509,-1.0000,0.0000
10,hcp30,2,12,15,0.00,8000,721,0,0,7279,1510,1.0000,0.0000
10,hcp30,3,3,15,0.10,8000,501,0,0,7499,1509,0.5955,-0.8034
10,hcp30,3,6,15,0.00,8000,482,0,0,7518,1510,-1.0000,0.0000
10,hcp30,3,12,15,0.00,8000,801,0,0,7199,1510,1.0000,0.0000
10,hcp30,4,3,15,0.10,8000,413,0,0,7587,1514,0.8140,-0.5808
10,hcp30,4,6,15,0.10,8000,536,0,0,7464,1515,-1.0000,0.0000
10,hcp30,4,12,15,0.00,8000,1016,0,0,6984,1510,1.0000,0.0000
10,hcp30,5,3,15,0.20,8000,447,0,0,7553,1507,0.9004,-0.4351
10,hcp30,5,6,15,0.10,8000,457,0,0,7543,1509,-1.0000,0.0000
10,hcp30,5,12,15,0.00,8000,1261,0,0,6739,1509,1.0000,0.0000
10,hcp30,0,12,20,0.00,8000,423,0,0,7577,1506,1.0000,0.0000
10,hcp30,1,3,20,0.00,8000,376,0,0,7624,1508,0.4222,-0.9065
10,hcp30,1,6,20,0.00,8000,368,0,0,7632,1511,-1.0000,0.0000
10,hcp30,1,12,20,0.00,8000,387,0,0,7613,1506,1.0000,0.0000
10,hcp30,2,3,20,0.00,8000,357,0,0,7643,1509,0.7541,-0.6568
10,hcp30,2,6,20,0.00,8000,318,0,0,7682,1508,-1.0000,0.0000
10,hcp30,2,12,20,0.00,8000,446,0,0,7554,1511,1.0000,0.0000
10,hcp30,3,3,20,0.00,8000,305,0,0,7695,1506,0.9354,-0.3537
10,hcp30,3,6,20,0.10,8000,326,0,0,7674,1507,-1.0000,0.0000
10,hcp30,3,12,20,0.00,8000,568,0,0,7432,1508,1.0000,0.0000
10,hcp30,4,3,20,0.10,8000,259,0,0,7741,1510,0.8532,-0.5215
10,hcp30,4,6,20,0.00,8000,254,0,0,7746,1512,-1.0000,0.0000
10,hcp30,4,12,20,0.00,8000,642,0,0,7358,1510,1.0000,0.0000
10,hcp30,5,3,20,0.10,8000,227,0,0,7773,1511,0.9778,-0.2094
10,hcp30,5,6,20,0.00,8000,253,0,0,7747,1507,-1.0000,0.0000
10,hcp30,5,12,20,0.00,8000,827,0,0,7173,1512,1.0000,0.0000
